datetime,tweet
2025-02-27T08:57:00+00:00,"OpenShift 4.18: A Game-Changer for Cloud-Native Networking 🚀
via @networkworld 
ow.ly/J7Lp50V7qe0

#CloudNative #Kubernetes #RedHatOpenShift #neworkworld #hamiltonbarnes"
2025-02-27T07:49:00+00:00,Lenovo renews ThinkSystem lineup for AI workloads and more trib.al/jkOoWCN
2025-02-27T06:12:00+00:00,Packaged offerings promise to make AI infrastructure deployment easier trib.al/tOIBt5G
2025-02-27T04:53:00+00:00,"Red Hat OpenShift 4.18 just made cloud-native networking even stronger.

✅ VM-friendly networking for seamless integration
✅ Custom UDN segmentation for better control
✅ Third-party secret management for enhanced security

Read here →trib.al/MgIldrH"
2025-02-26T23:30:00+00:00,"As the demand for #DataCenters skyrockets, securing #sustainable #power is becoming a bigger challenge. #UptimeIntelligence recently shared three strategies for powering new facilities with low-carbon energy. Read more in @NetworkWorld: okt.to/p0FkP8"
2025-02-26T14:48:00+00:00,Red Hat OpenShift 4.18 expands cloud-native networking trib.al/NevHXtd
2025-02-26T10:26:00+00:00,"⚡️🔌
El crecimiento de los centros de datos ejerce una presión sin precedentes sobre las redes eléctricas, vía @NetworkWorld 

@MariaKorolov #energía
networkworld.com/article/380…"
2025-02-26T09:10:00+00:00,"⚡️🔌
El creixement dels centres de dades implica una pressió sense precedents a les xarxes elèctriques, via @NetworkWorld 

@MariaKorolov #datacenters
networkworld.com/article/380…"
2025-02-26T08:17:00+00:00,"⚡️🔌
Data center growth puts unprecedented pressure on #power grids, via @NetworkWorld 

@MariaKorolov #energy
networkworld.com/article/380…"
2025-02-26T07:13:00+00:00,"AI, automation spur efforts to upskill network pros trib.al/d8ApaWD"
2025-02-26T05:08:00+00:00,"Cisco, Nvidia expand AI partnership to include Silicon One technology trib.al/kHXdcjp"
2025-02-25T21:18:00+00:00,IBM targets AI application growth with DataStax buy trib.al/W5fGZRw
2025-02-25T14:19:00+00:00,Alibaba to invest $52 billion in AI and cloud over three years trib.al/reKEkCH
2025-02-25T09:40:00+00:00,3 strategies for carbon-free data centers trib.al/qLSnRb8
2025-02-25T04:31:00+00:00,Questions arise about reasons why Microsoft has cancelled data center lease plans trib.al/u9BNRdY
2025-02-24T18:35:00+00:00,"Intel targets edge, high-performance computing with extended Xeon 6 chip line trib.al/QRqwLUx"
