Index,Customer Id,First Name,Last Name,Company,City,Country,Phone 1,Phone 2,Email,Subscription Date,Website
1,138fB5315da5fE9,Jeanne,Ferrell,Wilcox-Fox,Tonichester,British Virgin Islands,001-995-820-0140x05493,(757)324-8634,aaronwoods@walter.com,2020-03-27,https://www.romero.biz/
2,b0d61acAc72A388,Ian,Browning,Meadows Inc,Colontown,El Salvador,218-383-6764,+1-213-212-0464x0742,zschultz@blevins-church.info,2021-03-12,https://ford.com/
3,1B27Ff7Fd418C89,Taylor,Martinez,Nicholson Inc,East Evelyn,Marshall Islands,+1-455-875-7024,(783)689-6710x09859,monicacoffey@moody.com,2021-08-29,http://love-morales.com/
4,eff8bbcED3eacD8,Andre,Mccall,Cooper Ltd,New Luis,Colombia,(334)358-5162x861,016-422-2338,parkerdiana@orr.net,2020-05-29,http://vaughan.biz/
5,73ee6AaCAcea39C,Alyssa,Mcneil,"Arnold, Neal and Reed",New Jay,Netherlands Antilles,+1-344-219-8095x764,001-178-547-0380x10666,janephillips@nicholson-franklin.com,2020-11-10,http://ibarra-adkins.com/
6,e4A1fb3fA732CED,Marisa,West,Stanley PLC,Dalemouth,Morocco,+1-211-391-0983x663,701-169-4514,matthew73@rush.info,2020-07-09,http://www.holland-ochoa.org/
7,dC9dbfa601b71b5,Jaclyn,Branch,Ballard LLC,East Jacquelineberg,Bulgaria,3552675231,+1-769-658-2475x78782,hrobbins@hodge.com,2020-05-07,https://patrick-whitehead.com/
8,38ce8fA0e07AdEe,Billy,Stone,"Decker, Frederick and Pittman",Tammieburgh,Cayman Islands,109.506.0401x9595,405.634.9674,kmcneil@hendrix-callahan.biz,2021-11-06,http://www.stout.com/
9,134e7E02Ccb2614,Cristian,Waters,Bright LLC,Shaneville,Uruguay,(569)288-1186x339,371.412.4418,wanda26@rios.com,2020-03-06,https://www.clarke-davis.com/
10,BAd847028B01cCF,Edward,Meza,Moore PLC,New Jade,Puerto Rico,+1-753-511-1815x4880,388.374.1422x28744,sheilarios@myers.biz,2021-07-15,https://farley.com/
11,AB7F973e25C48cc,Tonya,Casey,Anthony Ltd,Jonbury,Macedonia,708.631.6521,756-377-6482x426,roachgerald@gomez-patton.info,2020-04-17,http://obrien-holder.com/
12,097E7318EB2BdeE,Franklin,Estes,Ho LLC,Salasville,Sierra Leone,439.903.8544x933,913-415-3834,jaclyn40@ramsey.com,2021-04-13,http://www.nelson.biz/
13,aF87BD4c6815163,Candace,Macdonald,"Wilkins, Villa and Lloyd",New Walter,Montenegro,(205)001-7993x5174,7247692116,hpetersen@whitney.info,2020-01-12,http://www.odom.com/
14,8d3acB34bF34dC2,Gabriella,Nielsen,Pollard-Meyers,Gordonburgh,Sweden,+1-650-214-2790x041,+1-708-649-9945,shane83@reyes.info,2021-09-26,http://www.keith-barron.biz/
15,baf4e1E54ba26Fe,Linda,Velez,Harrell PLC,Terrellport,Guadeloupe,(620)148-8832x4011,(430)644-3960x13772,rebecca53@ali.org,2021-01-29,http://www.gutierrez-bray.com/
16,d7cADd8B56F531D,Cindy,Haynes,Lozano and Sons,South Tom,Colombia,+1-500-064-0346x793,001-504-170-7374,rubenmahoney@warner.com,2020-07-07,https://www.fritz-harrington.biz/
17,8C2AF7ca332C2BA,Shawn,Wheeler,Harmon-Wallace,Kaufmanville,American Samoa,926.256.7746x07704,+1-942-927-9013,faithfarrell@barron.net,2022-01-01,http://gallagher-underwood.com/
18,7ad82F593ACFCac,Joe,Hayden,Suarez PLC,Richardland,Azerbaijan,645.759.1156x19217,001-099-165-5270x28215,sergio33@fitzpatrick.com,2020-08-19,http://holder.com/
19,e0E8F335e7495f2,Daryl,Rodgers,Gould and Sons,East Brooke,Poland,914.756.1802x95427,+1-802-269-2026,floresdawn@herman.info,2021-05-24,https://www.drake-garrett.com/
20,fECF1EFB076917E,Chris,Goodman,Adams-Robbins,Port Henryfurt,Brunei Darussalam,048.629.0897x1593,231-457-6144,cmontgomery@best.com,2021-02-11,https://www.callahan.com/
21,BAd21bFeacd8B1B,Frederick,Mccormick,Hester Inc,Molinafurt,Faroe Islands,254.279.0298x312,(671)142-5417,katrina30@george.com,2022-03-18,http://www.hubbard.info/
22,25B200fFF8B1aC4,Joyce,James,Vance-Good,Alifurt,United States of America,3414044496,324.921.0204x2655,tprince@brooks-hartman.com,2020-01-14,http://li.org/
23,99A99EA1FFbb231,Caroline,Terry,"Shepherd, Villarreal and York",Mathewtown,Latvia,767.212.6871,142.922.8520x70400,marciaellis@avery.com,2021-11-14,http://www.cantu.com/
24,DAED8EedeDC3348,Colleen,Dawson,Bullock-Page,Lake Edwardbury,Cameroon,460-153-2948x38864,747.813.4565x937,emeyer@oneal.com,2022-05-27,http://mayo.com/
25,CD2aB4Ee11c9BDe,Alyssa,York,Bender and Sons,West Christian,Jersey,+1-087-672-1438,7815277875,greenechris@adams-kidd.org,2021-06-21,https://www.davis.com/
26,FEaBd7451feD5d5,Jenna,Rodgers,Macdonald-Pratt,Dudleyshire,Belarus,(365)324-1569,(924)452-4660x5929,reginald31@leach.info,2020-09-06,https://bonilla-kerr.org/
27,aE00daAAe83D83F,Alvin,Kramer,Reed PLC,Roachport,Thailand,001-775-711-4306x527,+1-243-004-1144x971,rasmussendestiny@powell.info,2021-05-03,http://www.leblanc.net/
28,2Af10bFEbFbddEa,Kellie,Harding,Powell Inc,Dominiquehaven,Germany,+1-822-214-3349,7029349301,jmercer@acevedo.com,2021-04-17,http://chaney.com/
29,21eFF4964aD0aA7,Shannon,Salinas,"Cruz, Harper and Bradshaw",North Catherineborough,Bahamas,6200568669,+1-065-666-4265,knappjake@fox-douglas.info,2020-06-18,http://www.krause.com/
30,a0BdDEAebFbdF2D,Abigail,Lopez,Green-Blevins,New Daryl,Venezuela,261.430.3870x25793,(163)228-0042,oshort@carr.com,2021-12-08,http://www.callahan-jacobs.com/
31,6139c4Cc8ddb8eC,Reginald,Wiggins,Juarez-Graves,Ashleeborough,Tunisia,885-440-9694,(478)833-4436,icuevas@booth.com,2020-09-05,http://www.knight.net/
32,29Cfcd70EB9CF6A,Wendy,Frank,Chandler and Sons,Tammyton,Burkina Faso,001-955-491-7125x6397,004.947.5191x25353,bobbypratt@mullen.info,2022-03-09,http://mathews-guerra.com/
33,9Af29B8DfBBfE4F,Henry,Arellano,"Cabrera, Roberts and Finley",West Justinton,British Virgin Islands,(836)366-7172x267,884.252.1951x91414,barrettsergio@kelley.com,2022-02-22,https://www.chandler-butler.com/
34,2255D3cA26FdE0a,Kirsten,Giles,Lawson-Logan,New Francisco,Anguilla,(625)686-2430x150,+1-675-413-2967x92502,vbartlett@gibbs.com,2021-08-10,http://www.knapp.biz/
35,fcd1bEf7cb9cb7D,Rachael,Ewing,"Hood, Davidson and Waller",North Jackview,Cook Islands,783.687.6814x895,138.341.8994,herbertbarry@duffy.com,2020-02-18,https://vang.biz/
36,86cfF65BC624C1E,Jennifer,Barber,Dunn-Orozco,South Katie,Korea,+1-380-503-3726x542,550-289-8272,hartshelly@leon-weeks.biz,2020-09-08,https://www.valentine.info/
37,de87eae541D5564,Franklin,Barajas,Mueller-Hebert,North Preston,Mauritius,(587)260-8795x13937,001-536-453-7715x80952,arroyochris@conner-huynh.com,2022-03-14,http://www.sampson-knox.com/
38,874e9f4dcEf11F3,Randy,Baker,Porter LLC,Leeburgh,Lao People's Democratic Republic,(991)639-7628x7356,(380)883-6070,fisherperry@hebert.com,2022-03-31,http://www.vincent.com/
39,aedcefA0AaB03eA,Robert,Howard,Reyes Group,West Jasmine,Montenegro,001-378-482-5909x3513,218-800-6667x848,ssteele@osborn.info,2022-01-29,http://www.holder-faulkner.com/
40,77dDDaDF44FB031,Natalie,Mills,Navarro Ltd,Boothmouth,Cape Verde,(620)972-7246x6090,665.222.6991,fisherpeter@evans.net,2021-11-26,https://jefferson.com/
41,7e1dE5dDd377Cb5,Sheri,Bryan,"Walsh, Alvarado and Marks",Rogerberg,Martinique,325.305.9111x964,709-209-0948,staciecox@gibson-obrien.net,2020-02-01,http://www.winters.biz/
42,e37FA6aE7619BFb,Sherri,Hood,Sosa LLC,East Krista,Korea,(254)088-5259,006-274-1113x2557,corey31@lyons-farrell.net,2020-08-23,https://mitchell.com/
43,AB0DE38F1ae45D9,George,Callahan,Cardenas PLC,Mannport,Azerbaijan,980-919-8724x023,583.236.8965,arthurmurphy@petersen.com,2020-05-24,https://mccarthy.com/
44,DACdBeECAd9BBd1,Virginia,Harding,Carrillo-Hays,East Joannaville,Israel,001-426-602-3423x92029,+1-877-528-6150x168,drowe@clark-blanchard.org,2020-12-12,https://www.turner.com/
45,dFca1bFdD875D83,Alison,Owen,Faulkner LLC,Montesside,Iraq,014-013-4165x8075,001-637-928-2946x47601,mcclurenichole@rangel.info,2021-09-21,http://erickson.org/
46,Ff83141CCfFe116,Jake,Sosa,Bernard-Willis,Theresaton,Kenya,+1-915-882-7241x50166,9100415038,annneal@tate-delacruz.org,2022-04-28,https://www.watkins.com/
47,D6Bb05598aA0C19,Yesenia,Chan,Petersen-Jarvis,Port Caroline,Australia,102-790-4664x906,001-247-910-3436x6274,romanralph@hatfield.org,2020-06-07,http://www.cooley-schaefer.org/
48,10bBedccFa8Dbf9,Dean,Castillo,"Kemp, Clay and Stout",Gayville,Solomon Islands,229-206-9748x248,615.673.9006x160,jodichurch@braun.com,2021-12-21,https://www.villarreal.com/
49,913DB22d8B13A70,Yolanda,Conrad,Lang-Conway,Woodtown,Lebanon,(992)605-1766,(680)360-7570,conneralex@randall.com,2022-04-15,https://brady.net/
50,B49cA29eB517c76,Gabriela,Young,Wheeler-Guerra,Francisville,Lithuania,001-587-336-3270x8935,001-304-446-9402,ewinters@montes-patterson.com,2021-08-23,http://www.joseph-bradford.com/
51,9eFFEa8cF9DcEdE,Mackenzie,Massey,Lam and Sons,Jakeshire,Honduras,1536016187,+1-277-603-8741x2021,jeff29@brady.org,2022-04-02,http://shelton.biz/
52,B9c24FC2120a0B0,Tricia,Douglas,Price Ltd,North Alicia,Bhutan,8114793009,846-675-6897,qgaines@welch.biz,2020-01-14,http://colon.com/
53,D7Fcfed88B752a4,Aaron,Dunlap,"Buchanan, Morris and Bradshaw",New Mckenziebury,Saint Martin,+1-540-027-2514x47528,+1-122-091-2176x172,jack73@roberson.com,2022-03-11,http://www.braun-knox.org/
54,AAD73be4310eE2E,Connie,Dean,Hendricks-Krause,Cohenfort,Swaziland,(649)067-5171x6954,001-539-422-4080x12940,edwardsanita@patel.com,2020-05-07,http://mcfarland.com/
55,6c6AA9ae3ab1517,Elaine,Simon,Saunders Group,Randallville,Italy,001-685-083-7292x391,088.941.9449x3260,hullleonard@costa.com,2020-10-12,http://www.hendricks-morrison.com/
56,D0Bc5BBef0C5F7a,Ross,Frederick,Cortez-Barajas,Ericstad,Albania,645-925-9780x779,(441)690-0794x368,marquezricardo@estrada.com,2021-07-04,http://www.campos.com/
57,4AfcaF834A04f12,Jonathan,Osborn,Callahan-Ponce,Stevensonmouth,Pitcairn Islands,963.237.7128,001-258-617-0444x3322,hamptoncharlene@avila-foley.com,2020-04-19,https://glenn.com/
58,cC0EFFa9cAF3eFb,Dorothy,Peters,Turner-Nolan,Trevinoborough,Taiwan,(013)624-7958x7847,+1-752-847-2272x9516,crystal44@vaughan.com,2021-05-05,http://www.moon.net/
59,A5A7a85ADe8Ee7d,Bobby,Shelton,Le-Cline,East Vernon,Haiti,(168)669-9682,567.650.8164x440,alisha97@dominguez.org,2022-01-05,https://chaney.com/
60,8f14AD6Be1Ae54a,Eugene,Conley,Stephens-Waters,Dwaynefurt,Ghana,(872)266-8980x35696,272.118.3864x71140,mjohnson@lowery-brown.com,2020-07-03,https://burke.net/
61,eE4FB6C0F9Cce4D,Kaitlin,Mayo,Figueroa-Cooper,Kathrynland,Lao People's Democratic Republic,669-779-1550x429,384-648-5990x854,jluna@pittman.biz,2021-07-21,https://www.reese.org/
62,0F34aBd8bf5C3f9,Christy,Schmitt,"Wiggins, Kaufman and Cisneros",Ericside,Maldives,(248)580-0965x6071,(320)075-9283x0143,luisfuentes@king-west.net,2021-09-29,https://www.horn.org/
63,9B2F979072a25Da,Perry,Mckay,"Hancock, Contreras and Casey",New Joyceberg,Iran,745-024-6702,5358208817,tonyaknox@terry-ortega.com,2021-09-10,https://www.wilkins.com/
64,69f6b5bcCEd53De,Jeremiah,Tucker,Garcia-Knight,Bruceville,Iceland,(967)886-3281x51601,(097)853-8561,xbeasley@bender-trevino.net,2021-03-16,http://www.glass.net/
65,fD62DC7bae73D98,Tiffany,Frazier,Singh-Oneal,Pottershire,Mongolia,+1-454-137-1553,(435)091-7146x495,goldenmelvin@cruz.net,2020-08-26,http://kidd.com/
66,1e84bf0D01Ae8Ed,Elizabeth,Sheppard,Vance-Soto,Port Gina,Faroe Islands,(676)911-5190,701.095.7498x19456,haleykim@russell.com,2022-03-05,https://dillon.com/
67,58Fa4CFDAee2802,Donald,Mora,Massey and Sons,Christieborough,Slovakia (Slovak Republic),548.691.2465,827.421.3943,rbruce@cervantes-cantrell.org,2020-10-18,http://www.friedman-mercado.com/
68,b1bDb8eb1cC34cE,Marvin,Dorsey,Davis-Nolan,Port Antonio,Bermuda,841-187-2844x0919,573.157.1313,margaretryan@kirby-singh.com,2021-07-13,https://www.hudson-reilly.com/
69,0eBA1708cBbC2d5,Reginald,Calderon,Cisneros PLC,East Toni,Slovakia (Slovak Republic),(546)157-6927x244,995.354.4222x32024,devonhayes@rios.net,2020-08-09,https://www.perkins.com/
70,e0BEc3dcDeaeCd1,Devin,Norton,Walker PLC,South Rickville,Iraq,001-591-202-2854x505,742.000.6154x4389,cannondylan@stanley-mcmillan.biz,2021-08-24,https://andrade-nielsen.com/
71,DBD04B0be1EfF4B,Stuart,Adams,Suarez-Clarke,Hansenport,Western Sahara,236.965.2714,739-694-0119,gentryconnor@brady-solis.com,2020-09-20,https://knight.info/
72,0B783567bABbc6e,Kelli,Greene,"Hamilton, Ford and Aguirre",South Travis,Croatia,503-780-9866,001-581-573-7384,lopeztom@eaton.com,2021-04-11,https://www.malone-mack.info/
73,eBf1FFb81b9eB6A,Morgan,Lowe,Huff-Calhoun,Port Tanyamouth,Georgia,001-136-699-8776x720,982-859-1564,mcneilmax@bradshaw.com,2020-11-01,https://arellano.biz/
74,5A1aDDdCFaF083a,Lance,Reyes,Vazquez-House,Juanstad,Guernsey,001-373-367-6948x98813,574.413.2104x60901,brewergrant@cochran-ford.org,2022-05-08,https://www.lawson.info/
75,a9226B9057Df6cf,Kathryn,Wilkins,"Conrad, Webb and Bridges",Dawsonfurt,Egypt,001-876-524-1688x7092,+1-082-084-2616x442,kalvarez@williamson-harding.com,2020-07-30,http://key.com/
76,fBe6Cc700bBb92C,Michele,Galloway,Cervantes-Rios,Villanuevashire,Tunisia,594-046-9930x471,+1-750-966-0051x85204,phillipsjeanne@barrera-norman.com,2021-03-16,https://www.bradshaw.com/
77,daf5bAAEe0dAcd1,Bruce,Howard,Barrett Inc,Bryantfurt,Fiji,(329)718-5933,619-659-5168x2655,autumncobb@solis.com,2020-12-26,http://www.wright-hamilton.com/
78,ca3F9f566dfB362,Eddie,Butler,"Tate, Zavala and Rivera",Hobbsmouth,Ghana,743.854.6652x5956,6215192915,blake07@boyer.com,2020-03-24,https://www.lyons.info/
79,961ECcFdb18aBa0,Wendy,Mcdonald,Potter Group,New Dan,Venezuela,+1-464-900-7451x49543,001-025-073-2700x9169,prestonbetty@lyons.com,2020-05-23,https://www.duke-west.com/
80,45AaAaDc3aD6ACe,Jocelyn,Weeks,Mason-Adams,Phyllisbury,United Kingdom,1437840536,9139644934,misty74@wilson.net,2021-11-06,http://www.salas.org/
81,5f2F787d360e2Ce,Debbie,Sparks,"Cordova, Chambers and Pennington",Lisahaven,Niger,(643)124-7449,(690)944-7928,ernestpayne@salazar.com,2020-08-30,http://www.serrano-fuentes.biz/
82,4Bd928c3Aa40DFd,Marcia,Andrade,"Ingram, Hurst and Fox",Gregborough,Micronesia,+1-441-154-4618,+1-081-414-4276x3882,ostein@acevedo-abbott.com,2021-10-04,https://ramos-sherman.org/
83,f7BA9E86EaF4e7e,Sara,Mcdowell,Green PLC,Leeberg,Guinea-Bissau,+1-634-646-6022x11884,001-288-212-7496x4771,xwashington@page.org,2021-06-13,https://barker.biz/
84,5BBca6D9aDeBdfE,Doris,Hall,Rodgers PLC,Cassandraview,Iran,547.130.1475,001-954-010-4836,gmarshall@christensen.net,2021-11-22,http://www.wallace.org/
85,fF2AFbF715a15DA,Brittany,Garcia,"Reyes, Sawyer and Lucero",Priceshire,Greece,(851)824-6580x5963,+1-811-740-5845x28498,beverlymcpherson@sawyer-chaney.com,2021-06-13,http://atkinson-henry.com/
86,e203b4bADC3c66E,Isaac,Schmidt,Price-Finley,New Kaitlyn,Libyan Arab Jamahiriya,(515)141-0136,1417838711,gcurry@mack.com,2020-06-19,http://lutz.com/
87,c4ecd1dCEdEcB36,Craig,Irwin,"Michael, Patterson and West",Reynoldston,Latvia,001-300-524-5673,(153)245-0727x016,martinrocha@clay.biz,2020-08-14,http://www.webb.biz/
88,e6Af3FF0E462FFD,George,Byrd,Bryan-Massey,New Zoe,Liechtenstein,(326)314-5374,538-758-7335,harold82@wise-kidd.com,2021-07-01,http://burns.com/
89,DF7aA4b402aFC5a,Desiree,Delgado,"Baird, Goodman and Holden",South Vickiborough,Niue,514-153-1432,516-685-6400,marisaowens@hanna.com,2021-12-27,https://campbell.com/
90,8Ef2B4C8E6b8c5E,Johnny,Craig,"Fuentes, Potter and Hernandez",Burnsshire,Sierra Leone,001-832-907-5202x419,+1-506-852-9778x600,orrkarla@hudson.biz,2021-05-27,http://www.sawyer.com/
91,3bfac2Dba00060B,Trevor,Vang,Watts-Foster,Harmontown,Hong Kong,527-031-1323,559.889.3514,jacqueline39@powell.com,2021-02-20,http://chapman.com/
92,A5f92FC0aF9D136,Kenneth,Maldonado,"Cameron, Cline and Willis",Janetstad,Guyana,001-880-204-6494x843,(261)941-6401,ishepard@hodge-munoz.org,2021-10-28,http://www.arroyo.org/
93,1ebf8fA21aAE751,Susan,Franklin,Bishop-Giles,Port Carl,Poland,+1-136-853-4915x377,(258)491-3721,zwang@cowan.biz,2020-02-01,https://www.freeman.com/
94,b6CC34f7f5c9E7D,Jose,Tapia,Holloway LLC,Velasquezberg,Portugal,844-727-2216x43875,+1-279-896-8180x3300,uhamilton@webster.info,2020-11-07,http://www.daugherty.com/
95,CcCc8f76a1ABB26,Jocelyn,Bautista,Mullen-Clark,Zimmermanton,Saint Lucia,001-883-483-7030,001-107-991-3521x59697,nmarquez@powell-marshall.com,2020-07-20,https://jenkins-rowe.com/
96,F14C1DD5bBc81Db,Yolanda,Burns,Huff-Hoffman,Olsonville,Burkina Faso,(317)689-7521x55498,(373)788-4017x522,lutzkaitlin@browning.info,2020-01-29,https://horn-mitchell.org/
97,BaE7B8cA66BECB5,Nancy,Perry,"Shepard, Noble and Hahn",Carneyfurt,United States of America,247.612.1375x273,001-816-746-6168x3995,hardykarl@marshall.info,2022-04-19,http://www.palmer.com/
98,Bcb18BEC94BeCE3,Zoe,Winters,"Mooney, Irwin and Monroe",Hobbsport,Liberia,(943)963-0687x7146,(782)562-9639,pfinley@mccarty.com,2022-04-15,http://www.park-floyd.org/
99,eE68CDaC79f5A8D,Juan,Barry,Hoffman Inc,Lake Tammieview,Solomon Islands,+1-545-671-4536x0519,+1-634-855-4947x290,fhaney@ponce-higgins.org,2020-04-21,http://www.woodward.com/
100,D0d6ecc52aefbBE,Stacey,Mcmahon,"Joseph, Hartman and Pope",West Alicia,Antigua and Barbuda,001-713-316-0860,(107)987-4936x72707,kdudley@house-mckenzie.net,2021-06-04,http://hanna.com/
101,C7bC39cCc8b36ca,Charlene,Fitzgerald,"Humphrey, Anderson and Reed",Lake Andrew,Papua New Guinea,(643)401-2687x39085,001-116-097-2503x580,jonesmatthew@hall.com,2020-08-30,http://jacobson-wilkerson.com/
102,9bBafbe1ECBbA4e,Leonard,Archer,Duncan-Perez,Sharonberg,Germany,7486208625,(562)480-9093x6711,christine45@vazquez-webster.com,2020-06-08,http://hunter.com/
103,7f9c7dfe62ebE80,Christina,Gamble,"Whitehead, Cortez and Russo",East Howard,Georgia,(866)685-0409x38094,843-554-7279x1753,livingstonjoe@austin-zamora.info,2020-02-06,https://huff.info/
104,422B896b1b0eB77,Kurt,Rivas,Pope-Stanley,Kochton,Saudi Arabia,682-373-9984,(717)461-1147x0488,miranda76@mosley.net,2021-09-01,https://weaver.biz/
105,fB99cB8D42d4424,Linda,Frye,Anderson-Bender,East Jo,Grenada,135-837-9714,+1-624-401-3081,morsevicki@gentry.com,2022-02-26,http://welch.net/
106,AA9ea39f64Cc3A2,Bill,Cain,Phelps-White,East Theresachester,South Georgia and the South Sandwich Islands,459.790.7757x154,(290)703-5269,fisherhayden@duffy-jennings.com,2021-06-25,http://www.christian.com/
107,C70Beb5BC88dc25,Valerie,Franco,"Walker, Neal and Rich",New James,United States Minor Outlying Islands,(195)549-1895,+1-994-148-6723x2127,fkirby@mathis.com,2020-08-01,http://galvan-park.com/
108,2Abf708ab7d33BD,Toni,Werner,"Davidson, Bray and Mullen",Franklinhaven,Egypt,(743)789-2652,(060)367-3761x73999,mmcgee@noble.net,2022-01-25,http://kramer-wilkins.com/
109,cFaD7cEcfAe3b09,Julian,Dougherty,"Gonzalez, Monroe and Gallagher",Port Reginafurt,New Zealand,001-298-541-6393x57284,7011625598,onavarro@cantrell.com,2020-08-16,https://benitez-webster.com/
110,dCffDDF5F5eEbCB,Carolyn,Henson,Rodriguez and Sons,Arthurchester,Aruba,767.666.2329x306,(180)093-4228,colejackson@adams.com,2020-05-11,http://www.kim.com/
111,b8CaF616ecccC1B,Shelia,Mathews,"Harrison, Frazier and Conner",East Michelle,Niger,270.027.4703x635,(541)274-1749x91273,sloansean@galvan-curry.com,2021-08-07,http://www.cuevas-mccarty.org/
112,adf30CBEBCe4bC4,Luis,Moore,Livingston and Sons,Kiaratown,Guyana,001-000-428-2803x338,862.273.7171x3881,nathanielbridges@frey.com,2020-08-05,http://www.riddle.com/
113,D43D7E0A742C16e,Lawrence,Dawson,"Summers, Gallagher and Mckinney",Port Cristianport,Cameroon,742.692.4272x873,+1-617-320-4445x0355,soniafarmer@blevins.biz,2021-12-09,https://clayton.com/
114,02FEd218a13d3D4,Crystal,Sosa,"Smith, Cooley and Valencia",South Tabitha,Norfolk Island,3638141117,399-217-7630x29770,olawson@henderson.biz,2022-03-24,https://rosales.com/
115,1fEfE07bAb27AED,Chelsea,Bennett,Moody Group,Christineville,New Zealand,285.064.9797x6914,4904983915,theresasandoval@schmidt.org,2021-03-18,http://crane-jordan.info/
116,f4EFcBe39EabeDE,Walter,Garner,Booker-Garza,Javierland,Papua New Guinea,001-673-307-2546x54790,264.043.5462x312,davissandy@burch.net,2020-11-07,https://www.gilmore.org/
117,1FC1ed31eBBb6bf,Jo,Bradley,Klein LLC,Port Jonberg,Oman,073-501-6898,718.625.2232,heatheroneill@oneal.com,2020-10-12,https://holden-conley.org/
118,A6f6E3e1ec87FAd,Traci,Poole,Higgins Inc,New Bridget,Kyrgyz Republic,681.355.4486,(718)224-3037x07946,holatoya@mcfarland-cuevas.info,2021-10-19,http://russell.com/
119,53d9aACAeCdd1Be,Crystal,Montgomery,"Small, Sampson and Hogan",Lake Beth,Uganda,7035246438,001-741-732-4444x07949,wesleycabrera@conway.com,2020-01-24,https://www.cole.com/
120,CAA0deAbaAA214E,Leah,Barrera,"Beasley, Suarez and Mays",West Ericville,Switzerland,1711981862,905.625.6979x240,spearsvincent@glover.com,2021-10-01,https://www.christensen.com/
121,c0C0bD0e6c98FEA,Ernest,Lozano,Holder PLC,East Chelsey,Cuba,404-250-9016,7618011094,stanley69@henderson.biz,2022-02-13,http://madden.com/
122,bAbB36A1ad52e1D,Hector,Baldwin,Sexton-Christian,Dyerfurt,Montserrat,344.839.4388x583,455.567.2333x6724,cesparza@carr.com,2020-08-18,http://www.conrad.com/
123,Dd5e763DFEDD93A,Martha,Villegas,Macias PLC,North Adamton,United States Minor Outlying Islands,001-576-563-2398,+1-501-972-9439,williamsonalex@holmes.info,2020-04-24,https://www.myers-dillon.org/
124,bEfE3E0fD43DBc6,Kristy,Wallace,"Decker, Holmes and Hunter",Emmaland,Madagascar,001-440-070-7849x661,887.780.1643x297,ichoi@salas-moses.net,2020-06-01,https://www.burke.info/
125,6aEE593cd667afD,Jerome,Patton,Zamora PLC,Port Stevenville,Italy,009-769-1424,464.392.6706x2794,singhheidi@mendoza-richard.biz,2021-02-23,http://www.olson.com/
126,91A0Dc5CCEbC7E7,Tanner,Mcmahon,"Hicks, Hanna and Alvarez",Lake Brandiport,New Zealand,717.042.8146x410,001-514-609-7124x10718,terry08@gibbs.biz,2020-07-03,http://joseph.com/
127,e358BD9BbECFf66,Frank,Bentley,"Macias, Greene and Stephens",Knappmouth,Gibraltar,001-179-664-6681x680,001-354-275-8797,uskinner@holloway.com,2021-09-07,https://www.lyons.com/
128,ff0CD30dbf0070f,Cassidy,Perez,Pace-Foley,Owensland,Tunisia,7638023054,6486145953,goodmanleslie@bender.biz,2021-05-08,https://choi.com/
129,D4abfc05cfEFAF8,Pedro,Kaufman,Sherman-Potts,Pennyton,Serbia,485-287-7346x2776,001-674-328-4979x095,todd64@hinton.info,2021-05-30,http://leon-dodson.net/
130,cc638cFfC715c0C,Linda,Carpenter,"Dillon, Oneal and Frey",Peggyborough,Kazakhstan,247.454.8566,+1-319-752-4204x3270,angelica25@preston.com,2022-01-14,http://beltran.info/
131,BCeA81EFceECAbb,Katherine,Simmons,Davis-Vasquez,New Stanley,New Zealand,303-876-3936x5946,179.676.5502x95547,marilyn77@welch.biz,2020-06-01,https://www.rodgers-cunningham.com/
132,7DBa66AEdFF4FBE,Frank,Kaiser,Myers-Mitchell,North Penny,Montenegro,(939)245-2110x63968,988.330.6166x448,boltonjenna@clarke-lewis.com,2022-01-29,http://lawrence-tyler.info/
133,6B0eF1eAf1DD5e3,Aaron,Trujillo,Donovan PLC,Lake Sheryl,Antarctica (the territory South of 60 deg S),457-284-9615,(785)947-3331,rdawson@fitzgerald-patton.com,2020-08-25,http://warner.org/
134,ba9742CE21eE3dB,Marisa,Humphrey,Madden-Frost,Melvinview,Puerto Rico,596-364-9397,434-791-2622,ramseycassidy@jacobs.com,2021-03-31,http://stevens-burnett.org/
135,61Df3A8d033218D,Cassie,Payne,Li LLC,South Kara,Turks and Caicos Islands,993.820.2274x883,391-974-2390x70190,udorsey@kaiser.com,2022-04-26,https://campbell.biz/
136,c5a4273D8a356d2,Michael,Turner,Jacobs PLC,Hollystad,Bouvet Island (Bouvetoya),001-851-368-1040,2540192842,dlin@oliver.com,2020-04-11,http://waters.biz/
137,0C6adec2Df660fF,Tyrone,Burch,Wolfe Ltd,Stephensonfurt,Northern Mariana Islands,691-840-4389x395,488.513.8731x307,markdougherty@house-daniels.com,2021-02-25,http://www.fischer.org/
138,f4e7e83fa6dC3df,Corey,Morton,Russell and Sons,West Holly,Iraq,(100)870-5333,641.868.6512,wademeghan@huffman.com,2021-11-02,https://www.webster.com/
139,A63AD1C6f79B3bD,Rebecca,Wang,Vaughan LLC,East Krista,Christmas Island,533.193.4906,824-171-1764x450,luke30@pope-mason.org,2020-02-05,http://www.nelson.org/
140,4a95A1E7D4dF1e9,Francis,Randolph,Callahan Group,Mosleymouth,Guinea-Bissau,+1-619-385-3702x9157,883.280.3047x619,hbonilla@hale-bauer.com,2020-05-23,http://chavez-francis.com/
141,352D1C2Fa1811Fa,Zoe,Harrington,Woods-Cameron,Faithtown,Pakistan,882-191-5259x98352,(856)628-2517x106,donramsey@york.com,2020-03-02,http://www.benitez-cordova.com/
142,b78eCEAbEB97f4D,Reginald,Green,Flynn-Mcguire,Calderonfort,Bouvet Island (Bouvetoya),(585)259-5290x50754,125-439-1298x44290,imcgrath@payne.com,2021-02-02,http://www.fields.net/
143,D0Be70fe440ABaE,Ricky,Oneal,Dickerson LLC,Kirkmouth,Malta,9231574620,739.788.0971,vschneider@barrett-baxter.com,2020-12-21,https://www.nguyen.com/
144,C4c6Da50413EB4C,Adrienne,Burgess,Mosley-Arnold,New Franklin,Morocco,8780798321,+1-250-639-0310,toni30@mendez-cline.biz,2021-12-16,http://www.clarke.com/
145,BfCda3aa6a7FeAe,Jerome,Maldonado,Phelps LLC,New Mark,Kenya,(577)519-3224x358,001-846-554-9637x4432,bobbyfrank@alvarado.com,2020-12-26,http://www.acevedo.biz/
146,9B482e8DFAd87d4,Daisy,Barker,Powell-Villarreal,Romeroberg,Palau,(728)985-8829x99179,940.275.2414,pwise@osborn.com,2020-10-22,https://frey.com/
147,35BB33b3761cF4E,Felicia,Bond,Moreno-Strong,South Dustinland,Honduras,867.378.2594x267,152.185.9607,yangkaitlin@foster-kemp.com,2020-10-03,http://www.mooney.info/
148,8D5F79B3ACba7B7,Cameron,Andersen,"Odom, Mckenzie and Rios",East Briannahaven,Iraq,(098)258-8090x595,+1-906-149-5811,kathy64@zavala.com,2022-02-05,https://knox.info/
149,bC9FBbb1EEC6907,Isaac,Molina,"Houston, Bird and Ward",Lake April,Mozambique,+1-164-253-9550x610,001-917-528-2490x3320,ubass@davila.net,2020-12-25,http://www.cherry.com/
150,4D4373eD2c65dbe,Billy,Bowers,Golden Ltd,Angelaton,Albania,001-212-912-2895x1332,713-425-0716x51814,heatherbuckley@hampton.com,2021-08-03,https://www.villegas.net/
151,D753a3f3cC9Bf70,Troy,Kaufman,"Zavala, Hampton and Stuart",Lake Jeanshire,Afghanistan,001-238-697-5354x1968,865-143-9394x370,jimenezjohn@mosley.com,2020-01-31,http://roach.com/
152,E82Bad5bae4Fe6D,Lorraine,Austin,Ball-Manning,Rojaston,Bosnia and Herzegovina,(427)256-3653x81596,+1-331-034-4745x55546,lindsay23@anthony.com,2022-05-22,https://www.collier.com/
153,1EC7dF90eC81Df9,Doris,Fritz,Cooke-Moody,New Emily,Gambia,001-161-531-4093,001-311-111-5536,christie98@pollard.info,2022-01-03,http://www.wall.com/
154,8004cb764AD28dA,Colleen,Roberts,"Bennett, Barnes and Shah",South Becky,Brunei Darussalam,185-650-1635x8794,399.409.6248,chase05@flynn-bradford.org,2020-01-01,https://hodges.biz/
155,c1f6b94a8dE58Ea,Holly,Mercer,Proctor Ltd,Beverlyport,Chile,(958)363-1991x0756,001-937-045-1786x9471,karen28@schmitt.com,2020-07-04,https://www.boyle.com/
156,9dbCAa52d2b7fAF,Janet,Lynn,Bryan-Calhoun,Nathanielberg,Aruba,+1-000-256-4130,550.506.9090x9439,ariana59@dunlap.com,2020-10-31,https://www.jones.info/
157,88953A9A932ecD5,Priscilla,Nolan,Conrad-Lucas,Lake Ralph,Indonesia,(841)224-5352x5915,(347)387-2992x46602,zoe03@copeland-frazier.com,2021-09-06,https://www.phelps.info/
158,98dfD5acbAA6B6D,William,Chaney,Reeves-Reese,Lake Latoya,Samoa,001-248-564-1948x00000,145-802-3505x10013,kristinemoreno@berg.com,2021-05-31,https://rowe-chan.biz/
159,77DdD81b1b6D7EE,Belinda,Nolan,Olsen Inc,Rosariomouth,Saudi Arabia,+1-740-016-4965x4795,001-863-807-1592x42621,bill65@waller.com,2021-04-24,https://dorsey.com/
160,DfAbe2dc9ba0DA9,Rita,Morrow,"Perkins, Pope and Pitts",Mckayton,New Caledonia,001-073-583-4303x9656,(824)725-7529x03475,guy82@lester.com,2021-06-26,https://houston-humphrey.com/
161,Dea8A1FbaEd9f6a,Glenn,Tucker,Proctor-Gregory,Rowlandborough,Tokelau,390.183.6246,225-666-0576,nicholas25@trujillo.org,2020-08-19,https://www.hurley-moore.org/
162,ed10E4bd4FBadfD,Corey,Hodge,"Henry, Cline and Pena",Jillview,Tokelau,106.087.5394,089-417-4702x49091,madelineabbott@kemp.com,2020-03-26,https://stone.net/
163,11A7f588aA2a83e,Wendy,Potter,"Villanueva, Pham and Stanley",East Cassie,Belgium,3900222131,(409)226-1542,chelsea05@pruitt.com,2021-08-14,https://www.mora.com/
164,aCfb5C78f8155bc,Martin,Gibbs,Sherman-Daugherty,Skinnerstad,Iran,+1-802-194-0018x1658,001-895-461-3166x594,ljohnston@stout-mooney.net,2021-05-11,http://mcbride-dorsey.com/
165,33dafaBe786BdbC,Monique,Montoya,Myers Inc,Staciefurt,Sudan,+1-938-203-2273x58642,402.153.5573x2730,tamarafrancis@russo.com,2020-02-20,http://adams.com/
166,78972BeFCaFA8ea,Damon,Dawson,"Harris, Mullen and Long",Hendricksside,Pakistan,+1-999-882-3856x2664,+1-944-280-6105x0296,shelbymcmillan@dickson.net,2021-12-11,http://www.collins.info/
167,6122F0E45BFD996,Caitlin,Snow,Mcdaniel-Ferrell,East Dalton,French Southern Territories,001-579-171-8768x89600,480-067-9748x57250,ywilkinson@dillon.com,2021-04-19,https://www.frost.net/
168,FDA81a4f6A62609,Marilyn,Noble,Mahoney Ltd,North Carrie,Gibraltar,937-927-4207x586,053.616.5756x59008,claudia54@carey-avila.biz,2020-07-05,http://cordova.info/
169,d5fB0e9F90bede8,Ann,Barry,Cuevas PLC,Port Dylan,Turkmenistan,(209)566-7426,6416941042,wsantana@wong.com,2020-07-17,https://www.kent-short.biz/
170,9750E3Bd1C5CAc6,Julian,Rasmussen,Chavez-Duarte,Bensonport,Yemen,+1-419-422-8792,(504)341-1550,perry65@landry.com,2021-11-23,http://www.shields.org/
171,a9a2784b3fE0478,Dustin,Warner,"Robinson, Scott and Lewis",West Cristina,United States of America,551.970.0542x296,225-474-7566x8268,holmespatrick@lam.com,2022-02-08,https://carney-walsh.org/
172,fbFEB07bCfaAAaf,Norman,Fritz,Yang-Donovan,Madelineshire,Germany,113.352.8319,552.952.9548x792,ccarson@mullen.info,2021-03-10,https://hancock.info/
173,ad7Ef81cCAc101c,Mason,Zimmerman,"Castillo, Mcmillan and Barnett",Lake Sharonhaven,Netherlands Antilles,(293)746-8581x36885,+1-465-513-5803x3782,ebonymurillo@lozano-anthony.biz,2022-04-19,https://www.allen-mayo.com/
174,05b77a8AeCeABAA,Shelia,Thornton,"Mccullough, Costa and Mullins",Bettyburgh,Croatia,2346229306,090.311.5681x1677,destiny65@noble-campos.net,2021-01-06,http://www.weber.biz/
175,4AA81Ee1fB4b81F,Debbie,Booth,Zimmerman PLC,New Damon,New Zealand,764.981.6395,551.529.5568x0756,staceyklein@norman.info,2020-11-15,https://www.chavez.com/
176,dC5ABfE795B1aeD,Veronica,Harris,Suarez-Moran,Lake Angelachester,American Samoa,(172)505-0950x954,105-827-4074x9813,tgilbert@wagner.info,2020-05-17,https://nolan.org/
177,1793BCf183C3adB,Mason,Carson,Fernandez PLC,Lake Lori,Mayotte,+1-876-489-2836x2457,001-865-932-4476,downsjean@mccann.com,2020-04-04,https://www.donaldson.com/
178,DF7d91B5aEDA4DE,Malik,Bowen,Elliott and Sons,Birdmouth,Cote d'Ivoire,1793992435,(517)187-1812x082,uhayes@flores.com,2020-05-30,http://www.rosales.info/
179,dccfd9acfB0A9cC,Ivan,Mcclain,Knox-Brady,North Johnny,Peru,610.215.1359,(084)466-9797,ehunt@mckenzie-stephenson.net,2020-09-06,http://www.daniel-mcknight.biz/
180,ABfF4eEeBf11Bac,Karina,Beltran,Galloway-Weaver,Lambertmouth,Peru,216-995-6172x89915,+1-225-980-0027x713,yvonne29@cross.org,2020-09-17,https://www.ellis.biz/
181,2B3623E8CeE9f91,Julia,Aguirre,Armstrong Group,Wattsland,United Kingdom,001-399-690-9582x947,(359)118-5852,joe18@juarez.info,2020-04-07,https://maddox.com/
182,ACAd7605BDaEc04,Craig,Stark,"Hernandez, Ford and Cooke",East Johnnyview,Ukraine,(736)893-1526,903.957.0427x880,vprice@huynh.com,2021-06-26,http://www.boyer.net/
183,aB401FADFD81541,Clayton,Frost,Holmes Group,West Philip,Belgium,(681)798-1857x62349,(773)029-2443x77097,carlywalters@frederick.com,2021-03-08,http://www.ochoa.com/
184,ACBaDcAfbd74fbd,Marvin,Conner,Schroeder LLC,Robertmouth,Bahrain,(593)451-4516x6372,856-438-6072x97877,marco91@bowers.com,2020-06-09,http://www.logan.biz/
185,e56C8aa9bF9439C,Nathan,Kramer,"Sims, Larsen and Waller",East Colleen,Mali,+1-187-233-9139x23084,6346016707,rburke@santana-rivers.biz,2021-12-21,http://www.davis.info/
186,1345fECa8BCD70B,Gerald,Fry,Sanford-Ritter,Sherylchester,Myanmar,001-080-381-6031x91674,(283)447-1837x9758,tapiapamela@parsons.biz,2020-12-13,https://www.day.biz/
187,0Adf9C3dAfcdd9E,Darius,Conrad,Hubbard-Noble,Lambchester,Bahrain,5158177063,(935)623-5964,cookeglenn@morton.com,2021-12-25,https://lane.com/
188,f189ecFE8b7Ed71,Dan,Blevins,Horn Ltd,Rickyberg,Azerbaijan,583.773.8134x2827,(740)888-1641,vincent25@hall.info,2022-01-31,http://henson.com/
189,6420DADbcEEB8aB,Krystal,Allison,Holmes Inc,Fryestad,Eritrea,814-348-4685,(967)658-2710x1815,rmcdowell@dillon.org,2020-05-26,http://schmidt.biz/
190,eb4B8F34cAB68FD,Miranda,Cooper,Cohen-Hensley,Stephensonburgh,Pitcairn Islands,+1-188-426-5150x7735,001-514-060-3138,mercedesbrooks@poole.net,2021-08-26,https://www.shepherd.com/
191,DcA43c1AF49E0db,Dorothy,Warren,Macdonald-Kent,Schroederburgh,Nepal,(114)293-0366x815,(110)475-1676,lancehorton@arias.com,2021-10-21,http://www.hansen.biz/
192,258991c24191ef0,Jeremy,Barnett,"Lawrence, Pruitt and Watts",Kaitlinside,Burkina Faso,(228)131-3051x0962,4585584250,vowens@barrett.com,2020-02-19,https://rivas.info/
193,EEb7cC93a9C70CA,Tim,Heath,Rhodes-Fields,Vaughnport,Anguilla,3961602806,6894420582,foleyvictoria@gibbs.net,2021-11-04,https://www.campbell.com/
194,F54764edDE410B9,Devon,Morrow,Baker-Meza,Benjaminborough,Japan,001-676-253-7161x3061,(422)503-1294,colton73@david.biz,2021-02-17,https://www.glenn.info/
195,7BbE2bB291C9aBC,Nicole,Mosley,Mcintosh PLC,New Theodore,Antigua and Barbuda,001-251-948-5535x566,508-984-7913x737,vferrell@pham-alvarez.com,2021-08-16,http://www.ball.biz/
196,8DEbAD047aBf76F,Allen,Mullins,Norton Group,East Barry,South Georgia and the South Sandwich Islands,+1-713-099-5735x42553,(549)235-5009,soniajacobson@sanford.info,2021-09-08,https://reese-bonilla.info/
197,Fd3eaEcDAed08AB,Howard,Conrad,Singh Group,Oconnellshire,French Southern Territories,(287)658-4518x29103,067.030.5385,ghensley@good.com,2022-04-11,https://summers.biz/
198,cbb12f40E22c548,Herbert,Maldonado,Walls Group,South Erikabury,Tonga,7064146656,(881)599-7032,jrobbins@avila-bradley.info,2020-11-15,https://patterson-allen.com/
199,63fbeB1Dfe4eeFF,Erica,Lambert,"Booker, Fischer and Burgess",Boydmouth,Sweden,025.945.7961x924,(091)388-6671x6358,fordanthony@livingston.net,2020-09-15,http://www.cameron.info/
200,Fd3e125bDB4cAb2,Preston,Molina,"Watts, Freeman and Hensley",West Sara,Central African Republic,(762)987-9895x98060,731.806.4283x1753,dnicholson@walters-daniel.com,2020-07-11,https://www.mendoza.com/
201,9DE58EDf0CA4b1a,Manuel,Park,Barajas-Weiss,Jesusfurt,French Southern Territories,+1-298-513-9192,001-407-554-6548x277,lecaitlin@douglas.com,2021-10-25,http://www.nielsen-lopez.biz/
202,fad6D15eAcEC2aB,Barbara,Park,Sims LLC,Toddburgh,Cote d'Ivoire,311-850-6779,+1-589-204-6090,robinbecker@roman.net,2022-05-12,http://www.garza-weber.net/
203,C86757cd4CAe9aD,Nichole,Houston,"Bentley, Haney and Knox",Port Angelshire,Peru,(373)568-3457x7502,661-107-3767x136,cgregory@avila.biz,2021-07-23,http://www.alvarado-wolfe.com/
204,BadBf0E2969c820,Mary,Boyer,Black-Fletcher,South Kellieberg,Pitcairn Islands,862-729-4972,327-257-7134,vwolf@barnett-smith.com,2020-01-19,https://www.galloway.com/
205,D3d2e4d8bf804FE,Lydia,Quinn,Monroe Inc,Sloanberg,Cuba,617-447-4227x729,243.776.4933x47641,taylor89@shields.com,2021-02-17,http://ritter-norris.com/
206,B38633d2cfde2eC,Kellie,Peck,Brady Group,North Jade,Namibia,277-502-9664x380,+1-490-866-7971x277,burnschristian@cardenas.com,2022-02-11,http://www.kerr-mills.com/
207,262B6c6cdcAeA7E,Sonia,Keller,Perry-Ewing,Deborahburgh,Bangladesh,001-480-635-4099x60920,034.381.2293,hannajackie@baird.net,2021-04-10,https://www.hall-holt.org/
208,90ecDB66f5E3999,Xavier,Ruiz,Stanley and Sons,West Zachary,Vietnam,001-150-991-7606x04762,418.755.8761x4976,mandydavies@jensen-morales.com,2020-10-21,https://becker.com/
209,8670888f9FEAa9D,Alejandro,Liu,Park-Hurley,Francesville,Austria,069.993.2539,517.236.6701,qzimmerman@juarez.com,2021-02-22,http://stanley.com/
210,1B8e0A50376aDFD,Clifford,Haley,"Bullock, Rojas and Blackwell",Tonyastad,Suriname,7653916880,001-331-977-8675x27943,alexandriafields@jones-holt.com,2020-01-12,https://buchanan.org/
211,DcF857b93CFDBe8,Kristi,Wade,Rice PLC,North Randy,United States Virgin Islands,+1-915-623-9112x4113,518-585-3108x3280,wanda00@barber-wong.com,2022-04-22,http://www.hudson-keith.com/
212,2bBB0CBed202fA1,Roger,Wolfe,Mays-Williams,East Gavinfurt,Faroe Islands,842-002-7403x5621,541.930.9121,watersian@reyes.com,2021-03-12,http://www.molina.com/
213,dBAe65b2a26cFB1,Ross,Holt,"Dickson, Erickson and Kent",West Kristaborough,Maldives,+1-022-880-2438x856,+1-379-184-7875x59264,grace03@mcbride.com,2020-08-04,http://gates-davenport.biz/
214,e8dca556b8DbA1A,Kathleen,Ford,"Meyers, Haney and Pitts",New Mirandafurt,Mauritius,103-650-7626,001-046-244-8075x768,abigail59@maldonado.com,2022-02-15,https://conrad.org/
215,eefeB30554B4dAa,Christine,Buchanan,"Mendez, Austin and York",Port Reneeland,Norfolk Island,469.532.3299x97602,382-454-8672x5286,mcconnelldiana@kirby.com,2021-07-07,http://www.mosley.com/
216,d1acafbC4EDFCDb,Robyn,Lucero,"Butler, Knight and Mayo",Wongmouth,Argentina,+1-656-016-7203x521,+1-536-948-7635,dawnnewman@turner-baker.net,2021-11-26,https://ochoa.com/
217,3CE03d909CA99A0,Mario,Chen,Ray-Brennan,Port Robinfort,Falkland Islands (Malvinas),+1-766-040-7075x6451,001-229-607-7174,xmurphy@clarke.com,2021-09-26,https://landry-huynh.biz/
218,B4D5e5ab0c3Ec1f,Kyle,Evans,"Singh, Hodge and Curry",Port Debbieville,Croatia,990-563-8805x29763,(661)276-8570x56239,alejandrarobles@chan.com,2022-04-14,http://www.spears.com/
219,aC7a1D63bcBd0AC,Tristan,Lin,Liu Group,Deckertown,Honduras,551.984.5452x731,848-831-1882x8425,gilbertbright@bryan.com,2022-01-15,http://www.rodriguez.com/
220,20a0c19FA38fc57,Summer,Chaney,"Bryant, Gallegos and Morrow",Marthashire,Macao,+1-310-442-3095,+1-370-683-2839,ashley91@wolf.com,2020-09-06,https://www.mckinney.com/
221,Ad48eB253A14B38,Elaine,Wiggins,Rich Inc,South Alyssa,Gabon,001-100-399-4706x00058,844-157-7640,brittanysharp@elliott-ryan.com,2021-08-17,https://schmitt.org/
222,210F35e3824c5Ba,Ann,House,Gates-Holder,North Edward,Estonia,258.992.5720,001-316-471-4898x471,larryingram@morgan-mccall.com,2020-05-23,http://www.welch.biz/
223,55563EA8e1e4dD9,Sue,Cooley,Merritt-Hall,Suttonfurt,Tanzania,(738)243-1875x5737,+1-482-787-8195x194,llove@day.com,2021-11-08,https://dickerson.info/
224,af005ae0CE6E9Bf,Cesar,Chung,Sanford LLC,New Aimee,Bouvet Island (Bouvetoya),869-100-7137,906-611-7328x7494,geneballard@horn.biz,2020-02-04,https://www.harris.biz/
225,b7f4B9bcB205499,Chloe,Boyle,Kent-Perez,Montoyaland,Malaysia,(718)119-7955x452,001-174-907-1653x265,kellymcclure@craig.info,2022-04-02,https://www.russell.biz/
226,C8eE5F6fdade2A6,Melvin,Mccormick,"Walls, Ellis and Jensen",East Darleneville,Malaysia,(261)483-8944,0296698683,fstrickland@crawford-odom.com,2022-02-08,http://bean-reyes.com/
227,fbEc37Ee2E8Bde4,Tami,Hart,Webb Group,South Kristine,Lao People's Democratic Republic,363.888.3588x3777,443-296-8383,vickimays@mason-norton.com,2021-05-28,http://www.velasquez.com/
228,f973deaded23bbC,Caitlin,Chang,Gallagher-Melendez,Charleneside,Monaco,715-776-4085x169,2643027911,qhouston@dominguez.com,2020-10-29,http://www.craig.biz/
229,fdf70a469f9bad0,Erin,Malone,Baldwin Inc,Friedmanshire,Zimbabwe,674-403-4822,218.964.9312,fbates@burgess.org,2022-04-25,https://chung-mcpherson.org/
230,Bbe14C49DfD7D6C,Eugene,Saunders,Welch and Sons,Michelleside,Swaziland,187-373-4226,(512)943-6485x8903,melvincraig@bridges.info,2021-10-12,https://sheppard.com/
231,3726FDe5f889ffb,Emma,Johns,Carlson Ltd,Belltown,Montenegro,(802)305-8807x3680,(431)858-1703x90624,rsolomon@foley.com,2021-09-16,http://www.gillespie.com/
232,5E4faB16DCDFa6A,Jackson,Lamb,"Mclaughlin, Santiago and Church",Eileenhaven,Belgium,(915)246-8327,832.307.1922,sstrong@powell.net,2022-05-07,http://wagner.biz/
233,da71EE9b299e2E0,Krystal,Whitehead,Blake Group,Ramoschester,Uganda,697.972.6488x678,+1-142-061-0521x749,leahfarmer@mahoney.com,2022-04-05,https://www.hoover-hampton.com/
234,a0BEeA46C2cC8B8,Dylan,Caldwell,Wells Ltd,West Ralph,British Virgin Islands,916-022-5425x27550,688.872.6332,blakemueller@richardson.net,2021-06-03,http://gill.com/
235,408eBfFdA1Ae60F,Michele,Wiggins,"Valenzuela, Lawson and Glenn",Kellyport,Saint Lucia,034-662-4201x22013,830-664-4820x0878,suzanneschroeder@fuller.net,2021-03-04,http://bernard.info/
236,DbD9dECABb09BA3,Curtis,Scott,Valenzuela-Riley,Boothbury,Heard Island and McDonald Islands,+1-349-157-7346x0440,(380)986-1600x867,jodyroberson@spence.com,2020-03-06,http://www.blake.com/
237,EEBaf5bbBA6d06a,Devin,Ortiz,Schwartz-Meadows,Robinstad,Turkmenistan,4184066190,142.340.7723x573,jeanhall@patterson-hebert.org,2020-02-23,http://clayton.com/
238,FcFAfd34bc09C32,Dalton,Coleman,Bradshaw PLC,Alanmouth,Togo,(173)005-3071x0337,+1-248-133-5494x7456,zoe99@figueroa-mcguire.com,2021-04-27,http://www.frazier.org/
239,0fb9a6486a295D8,Jenna,Arroyo,"Hester, Stafford and Mercado",North Tony,Cayman Islands,(026)848-9402x61829,556-350-5039,lbenson@larson.com,2020-10-08,https://www.flynn.net/
240,EBb5ffd996d4D0d,Linda,Ritter,"Rowland, Mercado and Mcmahon",Rollinsborough,New Zealand,(760)191-0879,202-920-2536x71606,connie82@friedman.com,2020-12-01,https://kramer-walters.com/
241,e4B8Fe21Bf31B88,Stacie,Flowers,Bates-George,Port Daniel,Kyrgyz Republic,+1-447-082-6997x84424,001-780-371-3593x9279,nancy07@mathis.com,2021-05-15,https://www.merritt.com/
242,A7e22D9d2A46BD3,Edward,Peterson,Abbott-Nash,Guerreroview,France,800-032-2558,352-454-4099x833,nicholsondavid@tucker.biz,2021-04-23,http://patton-schultz.info/
243,da9DD6752B7163D,Franklin,Schwartz,"Copeland, Parrish and Phelps",Tammyton,Cayman Islands,1069936917,523-532-7143x485,cferguson@glenn.net,2020-06-17,https://mitchell-bowen.biz/
244,269d451e0BdD1Fd,Whitney,Rhodes,"Wade, Keller and Velazquez",Tommyshire,Pitcairn Islands,502-247-1146x35046,001-657-358-8755,ballardrebecca@rasmussen.net,2021-07-12,https://www.sparks-riggs.com/
245,e1F84CFb08BD727,Latoya,Neal,Mahoney Ltd,Port Beckyfort,Canada,439-702-3331x132,(488)214-3294x8432,rgillespie@nguyen.com,2020-04-04,https://kim.com/
246,03C309fce8bea5f,Jacob,Riggs,Hull-Herrera,Port Alexanderfurt,Micronesia,734-303-2459,+1-816-393-2411,staceybridges@acosta-lee.com,2022-04-11,https://vargas-morrison.com/
247,9E9cf66563f5ad3,Sheila,Cline,Paul-Frazier,New Todd,Bermuda,634.262.7918,+1-448-905-0354x2758,shannon78@chavez.com,2021-04-14,http://blake-mcknight.com/
248,3eC0dD6CDdB9E0E,Matthew,Hammond,"Copeland, Gilmore and Howard",West Daryl,Djibouti,348-215-6919,785.850.4635,clintongilbert@hendrix.com,2021-04-09,https://arellano.com/
249,998FB7dB9011612,Jason,Hartman,Blackburn-Welch,Wilkersonstad,Reunion,441-901-7640x35662,(137)541-7176x745,emccoy@peterson.org,2021-06-09,https://dyer.com/
250,Aaa8Efb4cA8BD8b,Brady,Gay,Hooper-Navarro,Mcdanielfurt,Mauritius,+1-493-156-9288x130,313.026.1720x5756,lpittman@castaneda.com,2021-09-03,http://www.vega.net/
251,53Fd3505a1b669E,Karl,Mueller,"Thompson, Sawyer and Montgomery",Lake Gavinland,Canada,632.883.8567,(148)170-8971,bzuniga@hendrix-pineda.com,2021-05-09,https://www.huber.com/
252,9B4c94174aDD06E,Sonia,Bird,Oneill-Daugherty,North Deborahton,Guatemala,665-548-8840x76381,001-251-568-5181x6065,ffritz@parks.net,2021-03-14,https://davies.com/
253,D251e87dfda6a6f,Lance,Watts,"Leach, Burch and Horn",Danberg,Thailand,292.755.1746x990,+1-039-303-3830x89620,eatoncasey@rowe-whitaker.com,2020-10-17,http://myers.com/
254,7ae2d4fdb6f8B69,Alice,Young,"Russell, Khan and Neal",Meltonberg,Dominican Republic,909.718.0735x3128,+1-602-602-8864,srollins@becker-lucero.com,2021-09-30,http://www.huff.com/
255,312B2e3bD9E9B2a,Jeanette,Odom,Boone-Humphrey,Rogermouth,Mongolia,685.384.0228x47150,3943586088,ohickman@brewer.com,2021-09-20,https://leonard-durham.info/
256,2848bf77eeAFBFd,Casey,Melton,Torres PLC,Judyfort,Norfolk Island,(241)220-0252x997,191-323-8881,hoodlindsay@curry.com,2021-12-16,https://heath.info/
257,b1ED0AfCdcDdE2d,Kristy,Flores,Ball-Vance,Noblefort,Haiti,374.921.9571x4445,527.644.3871x68124,nshaffer@cunningham.com,2021-11-07,http://huber.com/
258,0aE6257B3C392A5,Shirley,Jenkins,"Ware, Dalton and Ross",North Tylertown,Uruguay,(132)815-2235x743,778.778.8759x35507,marissapoole@bullock.com,2021-02-24,https://montoya.com/
259,55110EDeaf376be,Ariel,House,Garza-Molina,Lake Gregory,Cook Islands,413.011.5894x798,(976)430-7883x96439,barreradamon@hobbs.com,2020-07-29,https://www.leonard-boone.com/
260,E58c599D4d71881,Makayla,Mendoza,Garrett and Sons,Joelmouth,Saint Helena,+1-570-805-7739x086,(212)484-7113x7030,randall62@walls-washington.com,2021-09-19,https://nguyen-davenport.com/
261,4C6269cF3C424DD,Bobby,Massey,Ward Ltd,West Karastad,Zambia,001-253-333-4812x858,001-921-056-4156,qsavage@townsend.com,2022-02-13,https://frank-bonilla.com/
262,07aE1764a97c8c3,Micheal,Marsh,Carey LLC,West Sylviamouth,Albania,001-707-536-9402x77079,+1-472-879-4116,haley84@mckenzie.net,2021-03-18,https://www.freeman.com/
263,c6585D1bD651Ac2,Alyssa,Diaz,"Baxter, Conway and Holder",East Stacyberg,Falkland Islands (Malvinas),+1-865-250-9293x65842,001-613-105-6090x83473,perryshort@williams.com,2020-09-18,https://www.bell.net/
264,5c7f03eF6F17ba1,Annette,Barron,Ballard LLC,East Noah,Grenada,+1-102-386-8006,959.279.7660x5083,brookskim@valencia.com,2020-10-14,http://burgess.info/
265,Fb6cd3bE0A7ABF1,Jasmin,Weber,Macias Group,Clineland,Venezuela,(133)597-9908x6658,+1-492-778-0355,kristyhobbs@cantu.com,2021-09-20,http://serrano.org/
266,DBAA983FF1B54cC,Gabriel,Massey,"Browning, Rhodes and Goodwin",West Belindafurt,Pakistan,9806608588,966-366-1103x1828,wforbes@wheeler.com,2021-09-17,https://howell-madden.info/
267,6d1BfDB541e58c5,Shari,Johnson,Rodriguez-Chandler,Suttonmouth,Russian Federation,(797)764-3325x28096,842.077.5088,candicecordova@chen.com,2021-06-16,https://barker.com/
268,10E477b1E5c63Fb,Adrienne,Villarreal,Gregory PLC,North Elainemouth,Cameroon,400.783.1256,(868)777-5024,mitchelltravis@pham.com,2022-02-06,http://www.chan.org/
269,5a3e0C68eE4044E,Taylor,Snow,Massey PLC,Gillespiestad,Chile,+1-697-672-5584x29163,680.610.5058,ralph17@roth.org,2021-05-23,https://www.fuentes.com/
270,7b7417DC7c87fd9,Gregg,Suarez,"Luna, Osborne and Nguyen",East Mackenziemouth,Zambia,047.963.5874x2052,527-545-5291,jeremy61@mullins.net,2021-09-01,https://hall-mosley.com/
271,D2806cCD59a8bB0,Jackie,Mann,Singh-Jarvis,Bradfordmouth,Mauritius,001-209-745-8777x0567,5123318179,bellhoward@goodwin.com,2020-12-06,https://prince-robertson.com/
272,CFA76ccBBCaFdAc,Brett,Matthews,Kirby-Moore,Veronicahaven,Guatemala,+1-242-085-2435,189-668-9431x0919,jadeeverett@graves-escobar.org,2021-10-18,https://www.rush.com/
273,4Bef0e886A5645F,Jodi,Wells,Khan-Schmitt,Lake Raymondfort,Kiribati,256.481.4744,+1-855-849-0229x09143,sheenaglass@trujillo-dillon.org,2021-03-08,http://www.roberts.com/
274,566BBD9Df671cDA,Timothy,Ochoa,Dougherty-Hopkins,Averyfurt,Congo,(815)380-4660,(940)243-4563x80881,jbuck@pope.com,2020-11-27,https://www.drake.com/
275,cAd262B1FD116ea,Dean,Shaffer,Burke LLC,Shaffermouth,Hungary,3469581598,+1-216-881-4294x93332,huntdeborah@potter.com,2022-04-06,http://www.simmons.org/
276,dcd86eb67cFBfCf,Brian,Ruiz,Townsend-Archer,Carrilloburgh,Czech Republic,5666740384,599-478-8168x2943,frances72@bowman.com,2022-05-10,http://www.townsend-moody.com/
277,F2BfDCcc9b4BEC6,Laurie,Walton,Hawkins LLC,Hendersonhaven,Mauritius,679.987.1633x112,426-072-9188,lbray@farrell.com,2022-04-27,https://www.aguilar.net/
278,c2265dCa34AAdB4,Tina,Goodwin,Lewis-Rosales,East Meganport,Sweden,001-509-314-3058x05820,(240)556-8705,bradfordalejandra@wagner.info,2020-09-30,http://www.wilcox-wilson.info/
279,832ADFa8eD8F1Cd,Herbert,Castaneda,Benjamin-Crawford,West Meghanport,Botswana,(840)429-1411x797,001-006-455-8324x37832,gallowayshawna@dougherty.com,2021-06-22,http://www.larson.com/
280,53BCfaBAF0f4da3,Theodore,Cherry,Mathews and Sons,Lake Kerri,Togo,503-603-4513,(550)307-9843x12117,mckenzieleroy@stein.biz,2020-01-27,https://lane.com/
281,8Dca77CdafAd89E,Donna,Luna,Patterson-Stafford,Mathewhaven,Brazil,786.910.9190,066.900.9408x98796,gabrielhorton@villarreal.net,2020-05-26,https://www.brewer.com/
282,eebF662b2EF514e,Sonia,Anthony,Chandler LLC,Port Glennview,Holy See (Vatican City State),637.790.3750x028,(444)032-7121,scottyang@schmidt.com,2021-10-20,http://arroyo-paul.com/
283,8E40F1c9eC487C3,Bethany,Mitchell,Davila Group,Huntermouth,Turkmenistan,954-656-8472x46046,5329125501,barbersamantha@drake.org,2021-08-05,http://www.rojas.biz/
284,173dBF8bD993Feb,Sabrina,Turner,Simpson LLC,South Ebonyside,Cameroon,(961)161-5949x476,+1-769-559-0968x396,desiree85@haynes.com,2022-05-18,https://bentley.biz/
285,2ecC2eAEafE82cB,Leah,Ortega,Tanner-Pearson,Gailmouth,Heard Island and McDonald Islands,573.119.1113x002,557.893.5915x55354,teresa07@merritt.com,2020-11-01,http://www.whitaker.com/
286,F67ADC98cDff907,Manuel,Stewart,Mcclain and Sons,Briggsborough,Guyana,(130)869-7311x265,001-199-803-7048x586,earlayala@snow-travis.com,2021-01-21,http://www.castaneda.com/
287,BE36AddBc3F0197,Leon,Lindsey,Jimenez-Newman,Port Lydiachester,Eritrea,+1-571-144-0469x098,(196)344-2814x51952,maynardkendra@rivers.com,2020-11-04,https://www.serrano-cameron.biz/
288,8afABE8D9699fCA,Lacey,Nguyen,"Massey, Heath and Murillo",New Coreyland,South Georgia and the South Sandwich Islands,+1-293-490-8983x04493,(607)157-3036,aimeeburke@oneill.biz,2020-04-09,http://www.cline.net/
289,B00c50Bf75bd72E,Howard,Hull,Lyons PLC,South Ethan,Kenya,153-250-1438,(108)067-8923x8384,rickymathis@nicholson.biz,2021-02-11,https://terry.info/
290,66AD8Ed7f4F63Bc,Mandy,Hinton,Cisneros-Monroe,East Sandyberg,Isle of Man,795.425.5007x263,(335)272-8445,melindamata@lucero.com,2020-12-23,https://conway.biz/
291,bddbFe9fD7FAec1,Stuart,Rodgers,"Kane, Black and Blanchard",West Douglashaven,Djibouti,(595)515-1176x05737,047-402-9149,mike95@mata.com,2020-04-06,https://reed.info/
292,aacF5De5eFe3E12,Ebony,Flynn,Buckley-Moran,Lake Darius,Nicaragua,544-434-1388,+1-957-683-4288x988,brucejonathon@mcintyre.net,2020-07-28,http://www.howell.com/
293,6FC1121c4ABEc4e,Jessica,Long,Charles Inc,Mikeberg,Morocco,518-703-1588x282,8272607563,mathew87@randolph.com,2021-04-26,http://www.foley-hunter.com/
294,0ff32fB8d9F87fa,Kristin,Boyd,Cohen Inc,Jeanneview,Colombia,834.057.7865x579,(895)286-8587,wmcclure@carr.com,2022-03-18,https://www.murray-miles.net/
295,64587dBad66f098,Tracy,Pitts,Marquez-Martinez,Daltonland,Italy,425.592.8123,(670)879-5813,chloe45@singh.com,2022-02-24,https://briggs.com/
296,ae60A5Fad1Bf533,Michael,Mckinney,Black-Hull,Port Marcialand,Netherlands Antilles,+1-966-567-8399x3947,573-534-4268x9151,gabriela59@randolph.com,2020-05-22,https://jones.com/
297,fAced96FCb08825,Tyrone,Cameron,"Gross, Hudson and Davies",New Jonside,Antigua and Barbuda,609-515-4161x663,+1-508-190-4319x1860,yvasquez@weeks.org,2021-12-30,https://www.harvey-george.com/
298,dd2b642bAAF2Faa,Terry,Gardner,Adams and Sons,South Devonhaven,China,007.918.8920,+1-752-177-5988x9429,valerie21@moody-tapia.com,2020-04-01,https://paul.net/
299,9B5FAD8Fd21C929,Kevin,Grimes,Young and Sons,Janicebury,Turkmenistan,(464)490-8926,823-002-2821,curtis53@hays.org,2020-02-11,https://www.fitzpatrick.org/
300,86f86dAfFC50EfD,Heidi,Warner,"Mccullough, Tanner and Stokes",Chrischester,Austria,919-484-2318x561,590-807-6590,madisontanner@bright-hunter.com,2021-11-06,http://weber.com/
301,E11B1fEbc3e2bB6,Laura,Banks,"Rios, Lyons and Mullins",Bonnietown,Colombia,556.758.9445x396,661-573-7274x012,malik05@franklin-frey.com,2020-02-18,http://craig-ortega.com/
302,76cec5aa862cAE0,Dominic,Hodge,Cain-Hart,Port Stephenport,Korea,526.032.2461x7543,839.118.6570x1983,wholloway@duran.com,2021-08-24,http://www.carrillo-whitney.com/
303,B8AC8964dBE28de,Karl,Larsen,"Ware, Booker and Cordova",Port Crystalstad,Gabon,8184744248,578-917-0338,gkane@salas.info,2021-10-12,https://bray-walls.com/
304,aB81eB3a43DE653,Kim,Carson,Santos Group,Wareport,Burkina Faso,(427)333-2257,001-212-338-0932x6840,ronald24@braun.net,2021-11-25,http://www.clarke.com/
305,B0C3FfF03ecc0db,Cody,Bridges,Craig Inc,New Terrencefurt,Barbados,001-070-515-8458,885-603-6415x75311,lauren68@bauer.net,2022-03-12,https://watts.com/
306,69256adb6f8b6ed,Bradley,Frye,Kane-Krause,Hunterland,Costa Rica,289-028-9551x419,135.695.7252x70902,francislopez@sanders-valenzuela.com,2020-05-03,https://wilcox-henry.net/
307,06af5dDE0B6eE45,Gregg,Bradshaw,Brown LLC,North Pedroborough,Northern Mariana Islands,882.085.8249x58411,493.128.0791x78136,owensmisty@miles.com,2021-08-05,https://blanchard-campos.com/
308,eF98CD0d4ba558D,Perry,Coffey,Zuniga-Estrada,West Patrick,Zimbabwe,001-478-029-3209x904,046-691-1978x01041,bjohnston@tapia-grimes.com,2020-02-22,http://www.lara-huang.net/
309,8BB23e6b6468Bdd,Sydney,Rangel,"Lozano, Rich and Warren",North Tamara,Faroe Islands,1518290724,597-147-2985x537,kdoyle@holloway.com,2022-05-23,https://shelton-house.biz/
310,c802aEABFd8e35A,Antonio,Duffy,Burnett-Jenkins,Randyfort,Indonesia,098.449.1249x9100,+1-329-349-6657x0713,laurie61@good-davila.net,2020-07-07,https://www.ross.info/
311,Bfe4D0467Dd4e2C,Mariah,Knapp,"Blair, Odonnell and Morrison",Kerrymouth,South Africa,+1-832-934-4364x1725,001-557-881-9555,evelyn52@krueger.net,2022-04-26,http://pacheco.com/
312,1BFEd5f750B1df7,Chris,Wright,"Hodge, Marks and Davenport",Lake Earl,Vietnam,(101)510-6113,705-538-8410x29564,ashlee81@holland.com,2020-05-10,http://www.hickman-tran.info/
313,238bdCAed1810eC,Gene,Erickson,Walter-Haynes,Mosesfurt,Guernsey,(774)123-0173x1912,001-117-582-9638x1796,bailey60@mendez.org,2020-01-20,http://www.ali.com/
314,E394fCef7E4ABfD,Edwin,Daniels,"David, Lang and Mccarthy",Alvinburgh,Mexico,001-110-539-2817,910-169-7445x7193,richard55@fitzpatrick.org,2020-07-26,http://little.com/
315,A6aAA3aC29A4c1C,Caitlyn,Duncan,Kim LLC,North Earl,Zambia,(393)192-3972x95088,001-844-828-0298,walldaniel@austin.com,2022-04-09,http://www.booth-morse.com/
316,a2c4BF28D8d6b0d,Isabella,Brennan,"Kaiser, Patrick and Monroe",West Cristina,Singapore,486-811-9134x049,037-850-8701x96463,evelyn22@ray.org,2020-06-11,http://conrad-rowe.org/
317,189BeE6dd7EaE46,Charlotte,Poole,Harrison-Reid,New Darrylton,Singapore,787-100-9528x63246,656-276-0403x282,neilgraves@gordon.org,2020-12-25,https://webb-odonnell.biz/
318,23A96a8BdaB0C4a,Gilbert,Combs,Fuentes-Hansen,North Desiree,Mauritania,(453)028-4172x425,001-387-380-2421x50653,dana03@hart.org,2021-10-10,http://www.pacheco.com/
319,C731aF7AcC4FdF5,Barbara,Wu,Terrell-Espinoza,East Amanda,Lebanon,+1-065-154-2232x299,001-517-527-1000x816,bethanybryan@stanley.info,2020-05-03,http://www.key.com/
320,d0C3dCa0eCE5933,Kristy,Vaughan,Rice Group,Ortizton,Malta,800-424-1802x5075,4853286658,meganrocha@serrano-lozano.info,2020-08-13,https://www.banks.com/
321,1ac1f8bbDF5E5e9,Dylan,Winters,Henry-Stokes,Lake Danielburgh,British Virgin Islands,430-416-1605x1048,0907434800,ystafford@sanford.info,2020-04-05,https://reilly.biz/
322,dDa98cBEC8E6335,Toni,Maynard,"Wade, Lamb and Briggs",Orrmouth,Myanmar,001-064-521-8557x9580,(524)911-4899,julie81@braun.com,2020-10-07,http://www.pierce-norton.org/
323,5b7b6FaDE67ebfd,Adrian,Bender,"Saunders, Glover and Stone",North Yesenia,Heard Island and McDonald Islands,112.370.6415x989,928.387.4596,hrobles@wilson-parrish.net,2020-04-09,http://www.peters.biz/
324,efc850ABF7B9bab,Dakota,Solomon,Ball-Best,East Frederick,Poland,577-680-5215,549-779-3483x561,meagan80@hartman.com,2021-03-19,http://hogan.com/
325,18b0b81FEEd8aEc,Billy,Malone,"Acevedo, York and Haney",Lake Alexandriaberg,Iceland,5771006604,892.914.2379,benjamin96@stafford.com,2021-03-19,http://church.info/
326,0bbF88DF0eb5328,Rebecca,Morales,Wyatt-Oconnell,New Miguel,Mali,9653894934,(188)255-7287,dpineda@shaffer.info,2021-06-15,https://leach-shah.net/
327,62F0fFC141Fe7ae,Tonya,Cisneros,"Quinn, Blevins and Fitzpatrick",Estesmouth,Ethiopia,385-758-9435x246,+1-789-331-2322x740,jenny63@hendrix.com,2020-04-19,http://trevino.com/
328,6DE79bC3EAb44f1,Joshua,Wright,Taylor LLC,Aguilarstad,Azerbaijan,1837164617,430-380-6268,dustinzimmerman@freeman.info,2020-12-01,http://young.com/
329,4F479Af7AefEb6C,Christina,Alexander,Marshall and Sons,Rickstad,French Guiana,001-111-781-1692x2373,1768651992,newtonbrandy@gamble.biz,2020-02-07,http://moran-guerra.com/
330,4032dbd80B7fdbe,Francisco,Rice,"Strong, Valentine and Dyer",East Brendanchester,Lebanon,071.106.5837,(124)993-1129x58336,cynthiawaters@meza.com,2022-02-21,http://www.parks.net/
331,a6B7Ae27d64B6bf,Dan,Brewer,"Reilly, Keith and Roth",Port Breannachester,Guam,672.620.7604,5283077154,harmonmelanie@shah-melendez.com,2020-12-08,https://www.young.com/
332,fbF2eF6CeC9ba6a,Blake,Galvan,"Walker, Mcfarland and Sharp",North Candice,Korea,+1-350-103-9612,(215)942-0614x548,kurt89@ballard-howell.com,2022-02-14,http://petty-maxwell.info/
333,cCedCaa4dDDBf8C,Sylvia,Martinez,Reeves LLC,East Cassidychester,Aruba,001-220-173-1159x6986,948-741-0188x3910,robertsonangel@travis.org,2021-11-30,http://www.mcgrath.com/
334,5fBE0ecAEFCE0dD,Leon,Rosario,Leach Ltd,Stefaniebury,Hungary,001-366-687-5821x342,977-726-8896x493,lynn25@weber-livingston.com,2020-07-30,http://www.frey-fisher.org/
335,CC7Af8ce9d8f14F,Alan,Moyer,"Delacruz, Holt and Yates",Dylanton,Russian Federation,162-736-9307x557,001-152-539-8056x4075,valdezkellie@robertson.com,2020-08-07,http://www.abbott.com/
336,941a4aFCBB7b8Ef,Kelsey,Mcfarland,Coffey PLC,Port Kurtshire,Turks and Caicos Islands,+1-343-929-6777x133,+1-931-059-0746x7110,cervantesmichaela@huerta.net,2021-06-05,http://best.com/
337,F81acdB2b24b3DB,Isaac,Hancock,Cox-Bond,New Ralph,Belize,858-503-0533,663-311-8500x06717,summermcclain@coffey-booker.com,2022-03-21,http://www.davila.com/
338,ba72FE7bE7A6C68,Judy,Montoya,"Bautista, Stephens and Shelton",West Maryborough,Bolivia,001-056-798-5495x48363,+1-336-722-6909,kelly22@vega-kirk.com,2020-12-19,http://www.mason.net/
339,2Ccf7e575Eb3Ce3,Samantha,Mcclain,Valdez LLC,West Jasmin,United States Virgin Islands,101-763-7195,928.652.1057x691,vicki33@li-lawrence.com,2020-05-24,http://www.williams.com/
340,Fe836F089cfc35e,Nathaniel,Bishop,Ayers-Galvan,Timport,Suriname,730-745-1290x705,456-103-2036x60667,masonjoyce@evans.com,2021-02-09,http://www.hatfield.org/
341,e6ED0fE1d5f5aF0,Erica,Cooke,Meza LLC,Allisonton,Canada,961-933-0866,(549)628-3167x34211,tim01@hester.com,2022-05-15,http://www.bush-rangel.com/
342,36fBccB0EDA724d,Cesar,Bradshaw,Mendoza PLC,Wongfurt,Belize,667-542-8130x044,001-807-532-9683x07679,boylehector@walters.com,2021-08-31,http://www.lara.com/
343,4f9b8Aa798BF71C,Cassie,Ingram,Callahan-Morton,Barbaramouth,Jordan,930.413.6156x28322,281.403.1683,crocha@shelton-nguyen.com,2021-05-15,http://www.wong.com/
344,24975929b79Ce5A,Tricia,Holland,Swanson-Deleon,Kristopherfort,New Caledonia,(897)811-8881,371.026.7121x98570,sallystokes@travis-robbins.com,2020-06-01,https://oliver.info/
345,C4704D083e7b476,Olivia,Daniel,"Vang, Quinn and Malone",Colonfort,Brunei Darussalam,+1-107-974-8984x3831,084.676.0128,isabella92@dougherty.biz,2020-07-05,https://www.henry.com/
346,cd7b4C8d9Dce95f,Sara,Mann,Massey-Gomez,Alejandraside,Argentina,878-314-8908x1171,001-577-591-0481x055,tle@powers-sanders.com,2020-09-07,http://www.gallagher-burns.info/
347,7EE99ACA0353DEB,Andrew,Cowan,Davila and Sons,Debbiestad,Nepal,473-817-0854,021-772-4698,diane25@flynn-franklin.net,2022-04-07,http://walters.org/
348,6e1121c7ADFEAe9,Lindsay,Cain,Benton-Thompson,New Judithshire,Guinea,251-586-9856x344,001-185-822-3563x259,munozelaine@maldonado.com,2021-08-02,http://www.haney.com/
349,bed3E0b1d90bF8e,Latasha,Stephenson,Livingston-Christensen,New Ambertown,Heard Island and McDonald Islands,+1-673-400-2720x66031,801.995.5008,michaela05@serrano.com,2021-08-16,https://sampson.info/
350,aAfBdf3aBA01f5D,Martha,White,"Mayo, Schmidt and Huff",New Normanport,Greece,(529)176-6086x063,9281616397,clairemiller@harmon-holden.com,2020-10-05,http://bishop.com/
351,0cdEe4Ec8818ae4,Kaitlin,Parker,"Yates, Knox and Summers",Gillmouth,Switzerland,(409)610-9933,001-666-129-1452x55608,lmorris@huynh.com,2021-08-05,https://www.kramer-ballard.net/
352,1F0e9F8C55a7eEC,Sarah,Meyer,Mcgee-Braun,Everettbury,Ghana,+1-707-930-5471,001-345-919-7238x4681,lee51@wallace-bennett.com,2022-04-21,http://macias-brooks.com/
353,6fD84C86717D1D7,Kelsey,Hodge,"Gibbs, Valencia and Calhoun",West Nathan,Saint Helena,(902)463-9824x73703,001-906-542-0617x01391,rebekah62@dominguez-fuller.org,2020-03-19,https://little.biz/
354,39D0acE25c3Cb9f,Kelly,Grimes,Tapia-Peters,Thomasside,Armenia,(891)150-2965x9865,001-057-395-5104x633,bmaldonado@eaton.com,2020-09-15,http://www.wall.com/
355,Dc775FaEC2faF30,Bob,Benson,"Chaney, Schmidt and Ramos",New Jordanbury,Poland,9793325449,(761)126-4674x80999,jeanettetownsend@graham.com,2022-05-06,http://www.cross-friedman.info/
356,AE23A90E9BE5F67,Olivia,Cook,"Pruitt, Duffy and Conrad",Romerobury,Micronesia,+1-649-080-8559x2501,129.119.1932x69444,jack10@lindsey.com,2020-07-03,https://www.phelps.biz/
357,E3CedC43Db556Dd,Valerie,Porter,Dudley Inc,Christopherhaven,Thailand,001-748-584-4563x1311,630.315.6172,clayton40@lee.com,2020-12-04,https://www.neal.com/
358,AaFE8CD8F5F8B21,Kenneth,Buchanan,"Huber, Spencer and Terrell",Briggschester,Equatorial Guinea,001-282-387-0254x4494,057-290-8513,candacecuevas@crane.com,2021-02-27,http://www.shepherd-love.com/
359,BDb64F1fcb8a71a,Jackson,Stafford,Conway PLC,Robertoview,Eritrea,(719)550-7517x6312,5476969982,brian15@nielsen.com,2020-04-15,http://www.bradshaw.com/
360,5B84B8bDa5bfdc4,Vincent,Guerrero,"Lopez, Grimes and Moran",Destinystad,Congo,(833)101-9780,+1-216-411-4357x295,duane91@figueroa.com,2020-09-20,https://www.good.com/
361,3ef06af1c3Ba3Bd,Terrence,Acevedo,Grimes PLC,Matthewschester,Montserrat,+1-313-051-4970x0746,546.773.4176,gregg36@copeland.com,2021-03-06,http://www.mcmahon-norman.com/
362,1bdcc8cbBaF6DCF,Jessica,Wade,Luna-Marshall,Cranebury,Guernsey,(666)994-7045,536-369-5585x121,jenniferbarron@black.org,2021-08-17,http://www.guerra.info/
363,2C1B5231622dc12,Dillon,Francis,Dean-Clements,West Jonathon,British Virgin Islands,1000567008,023-334-0228x761,cordovadaisy@moses.com,2020-10-16,http://mejia.com/
364,8691FdCFb03bdAe,Perry,Cantu,Wiggins-Myers,Powersville,Cocos (Keeling) Islands,(771)926-4063x9823,001-186-472-5510x38029,drewritter@swanson.net,2021-09-29,https://www.pham-charles.com/
365,C986ebbeB18bf70,Elijah,Fritz,Cuevas-Bender,Alfredmouth,Bermuda,769.324.7418,+1-339-727-4351x033,melanie59@lam.info,2020-08-07,http://mosley.com/
366,6fb58AaBaFeAeA5,Jeanette,Joyce,"Hayden, Ellis and Good",Bairdburgh,Portugal,001-685-087-5421x484,042-084-8162x197,ayersbethany@velez.com,2022-05-01,https://www.hampton.biz/
367,C601D7c5dBFD71D,Shelly,Henderson,Curtis-Herrera,Velasquezport,Ireland,626.228.7036,717.312.7545x8370,tammyrobles@berg.com,2021-02-13,https://www.hendricks.com/
368,A522b8EBc39D2da,Bonnie,Burch,Pena and Sons,Dudleyport,Anguilla,8168623668,+1-008-917-1747x3617,welchjeffery@gaines-gray.com,2022-04-29,http://www.huynh.com/
369,955322a7DC7501A,Rick,Bryant,"Delacruz, Frye and Stuart",New Marioville,New Caledonia,420.854.6603,(257)679-6608,kelli65@wise.info,2020-07-02,http://dyer.com/
370,AbeCE660BDfcA78,Danny,Murphy,"Frank, Morse and Mcmillan",Allisonhaven,Croatia,893.777.6594x6168,320.457.6042x8512,uthornton@hood.com,2022-05-27,http://cobb.info/
371,04Ab66eDB5D25ca,Tasha,Martin,Fields-Mccullough,Normanburgh,Vietnam,212.966.4188x24500,171.444.7873x21535,derekdalton@stevens-guzman.com,2020-05-17,http://pruitt-craig.com/
372,77cE7DBb06C0ef2,Melvin,Mitchell,Steele LLC,North Cynthia,British Virgin Islands,576-762-6559x1731,605.931.8272x6661,shari02@valenzuela.net,2022-01-29,https://www.mays-richards.com/
373,C79A8f3cAe47f4B,Reginald,Le,Clark PLC,Bradbury,Puerto Rico,(000)065-3417,319-676-3212x60704,leachchloe@bruce-barrett.info,2022-03-31,http://www.valentine-lutz.net/
374,ebc7Bb5BaBDCCdc,Joy,Ellis,"Mendez, Velazquez and Gutierrez",North Danamouth,France,655.820.9437,001-176-441-0065x8007,maxwelljoy@sutton.com,2020-06-29,http://petty.com/
375,B1fc4Adcc57BFbF,Cole,Atkinson,"Hardy, Poole and Ayers",East Mckenzie,Maldives,+1-510-667-8118,001-961-475-6302,jjacobs@aguilar.info,2020-01-23,http://www.mercer-duke.net/
376,B5c0c3b2bAEA8F3,Jessica,Bean,Tanner Group,Westchester,Monaco,(258)036-3991,001-163-702-0038x3289,jason89@faulkner-becker.org,2021-12-26,http://www.owen-acevedo.biz/
377,5760cFe08AcDEF1,Nancy,Daniel,Leblanc-Santiago,Mollystad,Christmas Island,+1-226-901-2095x7259,+1-277-917-2732x64166,bishopsheila@vincent-poole.com,2022-02-16,https://rojas-kaufman.com/
378,eC9FA7ddaeeADfD,Paige,Li,Yoder-Mckay,Port Brandi,Norfolk Island,001-355-544-9685x008,001-550-867-5325x4953,kristiekaiser@cooper.com,2021-12-17,http://www.taylor-bauer.com/
379,7b8dc7DBDdf40a8,Vernon,Sexton,Barrett PLC,Phamstad,Reunion,986-166-8027x16523,7384546658,jasmin00@lin.com,2021-10-08,https://soto.com/
380,AEB843e58Aa1bAc,Roberta,Morris,Lutz-Bird,Holderborough,Saudi Arabia,103-609-3430x54518,+1-635-843-3175x9586,jeremy74@burnett.com,2022-02-03,https://herring.net/
381,AB3F9473Db19aDE,Paige,Gomez,"Barrera, Gillespie and Rogers",East Jerome,Niger,(304)130-2355x592,817-159-6530x392,watersselena@wise-nunez.com,2020-09-18,https://turner-barry.com/
382,E180DcDaafEddb3,Miranda,Leach,Mcbride-Christian,Jaclynport,Angola,001-884-461-2407x655,430.374.7468x11350,lori87@hoover.com,2020-01-06,http://www.pineda-glass.com/
383,e1A6D27B718dD12,Colleen,Wallace,Sellers-Vaughn,Lake Angela,Nauru,(836)148-5942x309,552.299.2725,joann85@roach.com,2021-09-08,https://rivers-holmes.com/
384,878c275dbF9bBF5,Carlos,Calhoun,Wilkinson and Sons,North Rachaeltown,Somalia,834.748.3364,+1-443-111-3430x04411,jcruz@schultz.com,2022-01-18,http://cole.com/
385,d6A216BAF6dFDc4,Jodi,Cohen,"Dyer, Cannon and Gibson",New Sydneyfurt,Sao Tome and Principe,(317)902-4584x604,983.768.6977x435,guymayo@pace.com,2022-04-22,https://www.faulkner.com/
386,47C232bafcfDAC9,Gordon,Vazquez,Harrell-Gates,East Victorfort,Guyana,+1-546-253-5914x2195,204.945.6508x52203,leah09@bauer.com,2021-06-30,http://www.benson.com/
387,F73272f3Df8C7Ac,Bernard,Pratt,Mcintosh-Benton,New Jerryton,Liberia,001-844-107-3161x137,(457)378-4509,dawsoncarl@shaw-zimmerman.net,2021-01-19,http://walsh.com/
388,0ec1e1d58dCD8Ac,Gene,Wallace,"Brewer, Wilkinson and Terry",Mariahside,United Kingdom,042.050.0912x59349,820.434.1983x7321,randall26@gentry.org,2021-05-02,http://melton-tran.com/
389,4B1Ae3Fd45fbF50,Martin,Griffith,Wise Group,Stevefurt,Swaziland,+1-906-912-5104x753,988-275-3655x574,lhensley@weiss.com,2022-02-07,https://www.petty-murillo.biz/
390,04bEdfa6c2fDe7a,Evan,Calhoun,Church-Gordon,Lawsonchester,Malaysia,0266943588,+1-928-095-9963,zliu@mayer.org,2021-03-21,https://www.huynh.com/
391,75e5562aAEbB14B,Caitlyn,Estes,Schaefer-Mullen,Hayleyhaven,Denmark,446-575-2326x95535,001-161-704-6020,mcclurealexa@johnson.com,2020-06-08,http://www.ortiz.com/
392,78223ba28cB8f19,Noah,Ball,Meadows-Shaw,Hicksfort,Benin,001-373-892-1186,955-539-9971,martinshelia@davenport.biz,2020-01-14,https://gross.org/
393,8Cb6DFfcf6a5A3a,Ricardo,Charles,"Estrada, Cherry and Stanley",Port Gregoryport,Cocos (Keeling) Islands,001-706-557-3313,396.045.3766,dannyoneill@ashley.com,2020-11-25,http://www.riggs-hanson.com/
394,A93Be1ebe10dB75,Sergio,Rose,Jimenez Ltd,Rochachester,Comoros,452-837-5883,3259605722,matkinson@peterson.com,2020-10-02,https://www.ochoa-dodson.com/
395,fF1c8E0FD9CaafD,Cynthia,Noble,Quinn and Sons,South Isaac,Lesotho,7151927921,922-198-6823,lcallahan@fuller.com,2022-01-11,http://sawyer-huff.com/
396,7604764Cb041d22,Daryl,Dixon,"Preston, Calderon and Andrade",Haileytown,Congo,827-287-9993x2986,795.123.2589,carlapeck@conley.com,2020-01-13,http://becker.com/
397,123cdd82757DdF2,Howard,Howe,"Walsh, Newton and Beck",Lonniestad,United Arab Emirates,304.592.8318x92466,550.243.3757,yortiz@byrd.com,2021-08-24,http://www.wolf-aguilar.com/
398,b2A8aa54Fc0BBcD,Tina,Martin,Clay-Brewer,Gloriafurt,Saint Pierre and Miquelon,+1-666-689-2886,834.911.6880,istrickland@booth-hart.com,2021-06-07,https://savage.com/
399,265Cf19ED972f14,Henry,Blankenship,Lynch and Sons,Lake Mckenziefurt,Guinea,983.006.3940x804,(364)487-3178x5819,krista61@gray.com,2021-11-12,https://medina-mcgrath.net/
400,d59B74D221eFeE8,Kerry,Velazquez,"Sparks, Petersen and Hines",Port Samanthabury,United Arab Emirates,(650)692-7449x8429,+1-333-355-3890x44234,asantos@mann.com,2020-11-10,http://mcpherson.com/
401,Fc95E2E4A535c6A,Jillian,Haley,Horton Inc,Darrylmouth,Macao,6768915240,417.498.1657x3042,reillykara@hutchinson-conley.com,2021-11-16,http://www.craig-oliver.com/
402,AA8645c826da4ab,Kristy,Byrd,Hood-Odonnell,Ryanfort,Liechtenstein,649.025.6221,+1-566-320-5505x582,kleinsteven@johnston.com,2021-11-11,https://brady.com/
403,37EB6651BEBfE0a,Kylie,Buckley,Pruitt LLC,Carolynburgh,Bulgaria,253.925.3582x05025,001-632-846-5501x01982,manncandice@roman.com,2022-01-22,http://payne.com/
404,fA7a6f1290d72ac,Willie,Booth,Weiss Inc,Santanaside,Belgium,001-503-741-1630,(692)870-8132x81659,tamaranicholson@vazquez.com,2022-05-14,http://arroyo.com/
405,56d0cCfeAbFd79f,Jim,Mejia,"Richmond, Arias and Blevins",Reesehaven,Tonga,825.093.6328,001-815-873-5161x0355,xdiaz@calderon.info,2022-05-18,https://combs-dalton.biz/
406,dfD9Abf7ACE6F21,Summer,Pope,"Mccormick, Woodard and Ford",Salinasstad,Greece,256-763-3572,001-251-634-7527x924,faulkneradriana@pitts.biz,2020-01-05,http://fritz.info/
407,0AE8E31c262f83C,Gwendolyn,Forbes,"Calhoun, Mcgrath and Calderon",East Keith,Lesotho,(792)823-2620x32248,381.248.0213x1408,gwiggins@duarte.org,2021-02-17,http://www.mcconnell.net/
408,3e68e0DbcCbdd4A,Wanda,Wiggins,Moon-Wells,Dorishaven,Ghana,+1-804-297-4021,+1-071-486-2618x4094,lorrainelindsey@oconnor-cabrera.com,2020-05-21,http://www.potter.org/
409,CabAe4aAe6bAfB4,Tanya,Bartlett,Shepherd Ltd,North Kelsey,Czech Republic,853-768-7344x103,135.890.4763x9667,reedbill@english.com,2020-01-21,http://bennett-arellano.com/
410,BAf48BEaeA5fdab,Shari,Barr,Holt Ltd,Jordanport,Denmark,160.044.0130x643,4712583333,austin87@chase.com,2021-08-26,http://stuart-mccormick.org/
411,31Ddf4Eba8eB816,Katelyn,Sandoval,Summers Ltd,Vaughnstad,Anguilla,4335771277,(892)740-3508x1950,christianjasmin@cordova.org,2021-09-04,https://wolfe-turner.com/
412,c4F9eCbDdCdCf1C,Ryan,Terrell,Ramos Group,South Mike,Greenland,(713)789-5252x86985,087-091-5699x27886,diane85@yoder.org,2022-01-29,https://bryan.com/
413,D02AcC57AfAfbA4,Deborah,Camacho,"Romero, Chung and Russell",Kerrfurt,Germany,(788)483-8914x384,359-246-2988,awong@zhang.com,2020-12-19,http://www.rollins.net/
414,C944E761f8aCec5,Brett,Hall,"Garrison, Hardin and Ramirez",Lake Darius,Cuba,001-728-310-3696,+1-409-362-3753,donaldsonleonard@mills.org,2022-03-31,https://www.cowan.com/
415,c876c73a06A02f2,Katrina,Colon,Daugherty-Bradley,Mariafurt,Bolivia,269.092.9263x141,327-504-8877,christy82@olsen-rosales.com,2022-05-07,http://yates.com/
416,4485074CA205935,Eddie,Ferguson,Olsen-Mcintyre,South Justin,Palestinian Territory,7227728362,(114)410-2049,albertellis@clay-hines.com,2022-02-21,http://mclean.com/
417,Bd348c0ffC3BFED,Levi,Garrett,Valencia Ltd,Port Jean,Tuvalu,001-911-127-3530x76593,171-846-1143,christiandon@payne-nixon.biz,2021-05-01,https://bass.net/
418,EDac79C1847D62e,Paige,Vaughn,"Boone, Harvey and Evans",Perkinsshire,Malaysia,001-499-661-4741x9576,001-180-122-9380x29673,cameronmercedes@trujillo-davidson.net,2021-11-29,http://massey-parks.biz/
419,fEdf8DEf8D2E85e,Mitchell,Mcguire,Fitzgerald Group,Zamorabury,Libyan Arab Jamahiriya,+1-567-138-5404x54116,302.879.9465,daltonvasquez@pratt.com,2021-06-29,http://www.jacobs.info/
420,81D0a0689ABDD1F,Deborah,Walls,"Pugh, Burns and Gardner",Glennchester,Australia,(184)417-6783x6528,(500)796-4374x89134,restes@hammond-taylor.info,2021-08-24,https://werner.com/
421,7ABCDed59d1A3B0,Carol,Young,Bauer-Osborn,New Leonardborough,Morocco,+1-233-794-1826x95563,(212)756-7654,emilyscott@christensen.org,2021-08-13,https://mcknight.com/
422,86CCCCdf16dbaeD,Joan,Berger,"Kaufman, York and Robles",North Manuelbury,Guadeloupe,001-290-797-3339,335-146-7942,jonathonconley@whitney-lee.com,2021-06-15,http://randall.com/
423,F849aaE63B4AB50,Melissa,Callahan,Andrade Group,Herrerafurt,Comoros,501-768-9872x73873,113-416-2271x006,masondesiree@perkins.biz,2021-02-17,https://www.mcconnell.com/
424,2fFe9bcF3c89E47,Becky,Peters,Cabrera PLC,Kristenborough,Solomon Islands,734-787-3558x84617,7958548600,chenmason@ayala.info,2020-03-03,https://mcmahon-blevins.com/
425,e82Ab437C10c55d,Faith,Lara,Romero-Schroeder,Hardinside,Equatorial Guinea,347-034-6977x72908,+1-495-764-6522x0214,christinagalloway@simpson.com,2020-12-11,http://www.ali.com/
426,DD32bB4DBD7e848,Laurie,Hendrix,"Huang, Cross and Roy",Joycefort,Oman,262.486.1278x010,071.587.4975,diamondsalas@daniel-floyd.com,2021-08-27,https://www.cook-alvarez.org/
427,Ecb30f7e94fbffA,Tracy,Bowen,Sweeney Group,Port Carolynview,Mali,671-560-6643x2998,241-008-4859x6401,marksselena@gonzalez-robinson.com,2022-02-24,http://vang.com/
428,f2db08fBEFd2932,Kent,Brewer,Harrington-Ross,Deckerland,Oman,0954617592,(022)003-1404,anitavega@pennington.com,2021-09-16,https://www.kerr.net/
429,1aEbF21a08CBC75,Karla,Clayton,David Ltd,Hatfieldburgh,Niue,(676)833-6335x069,(859)669-0175x41472,georgecisneros@conley.org,2020-11-15,http://ray.net/
430,2abFF0D917f11Da,Shawn,Lucero,"Rowland, Barber and Carrillo",Nealshire,Philippines,001-058-449-1113x35584,(922)710-0776x8912,hansonmax@cabrera.com,2021-12-15,http://www.griffith-navarro.com/
431,Ce34BB43CC26D9d,Albert,Cruz,Benson-Cole,Brandyborough,Sao Tome and Principe,277.698.4415,(524)872-3656x610,gpowell@mcclure.info,2021-06-26,https://www.reilly.com/
432,Afbe0e3a1f9319c,Sherri,Peters,Carrillo-Hebert,West Nicholasmouth,Benin,628-054-5398x2400,001-973-230-1518x6851,davidsonshelia@harvey-cameron.com,2021-08-09,https://miller.com/
433,f02d8DeAC4d3FAc,Tina,Hunter,Kaiser PLC,New Waynefort,Saint Martin,582.519.5063x0648,465-347-4449,jocelynwolf@conway.com,2021-12-28,https://bartlett.com/
434,D085e0fA93014cA,Arthur,Rivers,Crane-Henry,East Angelaport,Iraq,+1-256-624-8640x5985,(299)944-9516,seth93@fernandez.net,2020-11-10,https://james.com/
435,188c5dd742d8A21,Matthew,Chandler,Becker-Dillon,East Karla,Algeria,(241)002-7403,001-842-705-7792,cruzhayley@deleon-moses.com,2021-03-30,https://hendrix.com/
436,8dEDdbFefF461Ba,Anthony,Smith,Tanner Inc,Lake Kurt,Suriname,050.426.5279x43722,001-475-671-2036x667,tonyarandall@calderon-yang.info,2022-03-04,http://peters.com/
437,FAef5935fB39c9a,Seth,Bernard,Rocha and Sons,East Mackenziemouth,Christmas Island,001-994-143-2511x735,154-454-7515,dbird@robles-conrad.biz,2020-11-05,https://riddle.com/
438,B6cf1698Fe8AE9f,Albert,Lara,Huff and Sons,Mcdowellmouth,Micronesia,714-720-9938,+1-607-074-3824x69075,jsampson@marquez-guerra.com,2021-08-28,https://villanueva.com/
439,ab1B026992cbce5,Roberta,Kent,Daniel-Arroyo,Port Dillon,Liberia,808.174.6343x56573,001-827-712-4681x40872,hamptondiane@irwin.com,2020-08-16,https://www.barber.net/
440,CF41ff54321F4cc,Ralph,Holt,"Hinton, Walter and Wilson",Pennyborough,Peru,+1-070-326-9251x493,(971)397-4412x1057,bfinley@morrison.biz,2020-08-21,http://www.crane.com/
441,a8aE8FAc0D9bc7F,Jose,Knight,Kaiser LLC,Douglasland,Bermuda,807.563.1739x227,500.170.5879x03843,becky79@bartlett.com,2022-04-01,http://barber.com/
442,d5dCBBaf08460d0,James,Williams,Contreras-Morton,Reginamouth,Oman,9292772219,4463732631,morganricky@middleton.com,2020-11-07,http://www.prince.net/
443,a3aDaCfcae6E78F,Alicia,Leonard,Larsen Ltd,South Shelley,Syrian Arab Republic,(947)678-4337,001-111-308-3068x2904,guy23@walsh.com,2020-10-30,https://www.salas.biz/
444,B73A033A5E3D4fe,Jeanette,Wilkerson,Mcguire-Stewart,Port Cassidy,Sweden,001-263-849-8020,885-589-2819x2108,qdouglas@frazier.com,2021-07-17,http://lozano-potts.com/
445,329AfEEA5EC0BbC,Kristy,Morgan,Mcdowell Inc,North Cathyberg,Malaysia,(400)369-8758,572.343.7396,ulozano@guzman.com,2021-11-08,http://benton.com/
446,4EbC6EB74aF6eB3,Brianna,Yates,Gill LLC,Laceychester,Morocco,496.880.7765x3647,+1-639-327-0368x180,underwoodphillip@garner.com,2020-11-22,http://pittman.net/
447,9A86bFEb2FeCF7B,Tracey,Barber,"Christian, Caldwell and Kane",Ellistown,British Virgin Islands,+1-551-588-5815x5138,001-018-660-2466,joshuaramsey@heath.biz,2022-04-09,http://www.leonard.com/
448,60BCad2F5A2a9F5,Erica,Hoover,"Calderon, Stevens and Hurley",Joefort,Mauritius,7097133071,(345)647-7419x366,chadblankenship@brown.com,2022-05-24,http://www.olsen.info/
449,2e4dBFD97687E4b,Julian,Swanson,Maddox-Holmes,Oconnorberg,Papua New Guinea,+1-156-983-7651x17720,001-741-162-5395x7937,randolphalison@collins.info,2020-03-30,http://www.levine.com/
450,E66BF85DddE8fdE,Meghan,Potts,"Craig, Flynn and Woods",Matatown,Spain,324-881-0745x718,+1-416-150-9015,dale50@love-mays.biz,2020-01-24,https://salazar-gross.com/
451,aaeF9b84bA2CefE,Debbie,Ayers,Booker Ltd,North Robertside,Benin,934-204-6659x502,368.985.9376,danieljoanna@bennett.com,2020-08-31,http://www.wang-joyce.biz/
452,46B8F02585fAFfc,Luis,Costa,Maldonado-Barr,West Hector,Canada,+1-746-876-0472x684,+1-642-721-6989x890,corey43@monroe.net,2021-11-05,https://ford-baldwin.org/
453,D9767Cfe03096DE,Caitlyn,Haley,Velez-Dyer,Mejiatown,Chile,(562)547-2981x044,+1-102-570-7022,xgray@boyle.com,2022-04-23,https://www.maldonado.com/
454,85B3F1bC32BEf26,Peggy,Cabrera,Francis-Nichols,Blairport,San Marino,001-664-682-1858,001-612-404-2547x411,fritzdale@bailey.info,2021-09-24,http://beltran.com/
455,4CDAc8E74bABefc,Justin,Gallagher,Lloyd-Decker,Jacobburgh,Jersey,+1-668-604-9376x8698,5352403837,rebecca64@shields.com,2020-03-27,http://king-blankenship.com/
456,ACC3d7c6b24e322,Cheryl,Chung,Hickman-Levy,Bowersview,Australia,+1-334-245-5447x977,+1-220-497-8520x1415,brownshirley@schmitt.info,2021-12-19,http://dillon.com/
457,a9bf36762FDd8Ce,Mitchell,Santos,Mann-Li,Marciamouth,Norway,+1-012-774-6045x138,001-837-499-0642,jaclyn81@cobb-vasquez.org,2020-07-11,https://larson.com/
458,ad4DCBbcffAB1D9,Howard,Mcintosh,Curtis-Key,Lake Jacksonhaven,Australia,+1-728-198-1365x9189,+1-987-754-7615x46526,zmoreno@chandler.com,2022-04-29,https://gillespie.info/
459,69EE6B1bBAd94e6,Jackie,Bartlett,Osborn-Jackson,Cunninghambury,Finland,420-693-6078x190,+1-345-258-5901x5647,dflynn@powell.com,2020-12-25,https://www.valdez.com/
460,c8371AAeD3D0840,Larry,Pearson,Mays Group,New Carolynmouth,Jamaica,001-801-432-5143x908,701.052.9288,zmaynard@sullivan-stephenson.info,2021-12-16,http://vaughan.com/
461,5B5d195ABd02BAB,Sydney,Nixon,"Forbes, Garza and Sandoval",North Leah,Canada,448-252-1145,001-340-565-4446x622,villarrealmary@hebert.com,2021-01-02,http://www.andrews-sharp.com/
462,eC74CBcDF752403,Brady,Chen,Mclaughlin-Guerra,Rollinschester,Turkmenistan,(964)901-4601x040,333-829-6397x440,mparks@contreras-pham.com,2021-08-05,https://harvey.com/
463,86a2e0a2C8Edff1,Haley,Horn,"Tran, Newton and Mcneil",North Bethhaven,Solomon Islands,3374684720,225.770.8492x858,beth49@day-schmidt.org,2022-03-09,http://www.barry.net/
464,Fe6B8efD7529B7a,James,Alexander,Pope LLC,West Stephenhaven,Belarus,(540)462-8784,736-835-7709x0955,bryan78@garcia-quinn.org,2021-12-23,https://harrington.com/
465,264fc8edd6A24eD,Tanya,Austin,Blackwell-Alvarado,North Hayley,Liechtenstein,531.295.1166,001-929-216-0614x5001,dana17@cardenas.com,2022-01-15,http://valenzuela-mcbride.net/
466,619b92D3eAc73e5,Marissa,Norman,Mcmahon Inc,Janicehaven,Saint Kitts and Nevis,830-654-3555x77982,970-175-5992x539,asimmons@hurst.biz,2021-10-14,http://kelley.com/
467,1530bba4b89eFC5,Joseph,Clay,Carrillo and Sons,Barryhaven,Zimbabwe,118.973.3126x18579,+1-327-850-1914x0223,noahrich@chavez.info,2021-01-28,https://www.davidson.biz/
468,635fE664f73DbBf,Anna,Dudley,Ross LLC,New Sonia,Luxembourg,7822269654,001-084-502-8054,boylecristian@hayden-buchanan.com,2020-11-01,https://www.goodman.biz/
469,DeaB2ec9d2D1834,Elizabeth,Murillo,"Tran, Snow and White",South Stuart,Mozambique,487-889-1441x044,965.088.6060,claudia89@case.com,2021-03-04,http://mckee.com/
470,DFEf9fd7b5E9E39,Charlotte,Leon,Bird-Whitehead,West Adrianaborough,Timor-Leste,676-773-7626,089-307-7901,jmccall@gallagher.com,2020-09-04,http://ramsey.com/
471,A4D66baFaf789b4,Henry,Massey,Thompson-Simmons,North Jordan,Central African Republic,798-748-4868,691.033.4456,grantrice@byrd-mcgrath.com,2020-12-23,https://lucas.org/
472,4E4ebdacd0D132c,Betty,Holland,"Arellano, Norman and Sandoval",Samueltown,Mauritius,001-638-822-4530x55792,296-386-0699x6211,erikabenitez@burke.com,2022-05-11,https://www.irwin.com/
473,e7F0d1f9F76E677,Ricardo,Mcclain,Alvarez-Guerra,Lake Karaberg,Italy,(184)380-2401x8300,+1-735-818-9527x37010,mistypollard@macias.com,2021-07-07,http://charles.biz/
474,aB963bB6EFf3B0b,Adrienne,Gillespie,"Chaney, Henson and Spencer",Pattystad,Cyprus,518-688-8510x05660,001-738-983-7567x042,amberdeleon@gould.com,2021-11-09,http://www.krause.biz/
475,c3153171E36A0bb,Devin,Gibbs,"Mcintyre, Harvey and Petty",Latoyaburgh,El Salvador,3851866200,055.252.9104,gibsonneil@trujillo-aguirre.info,2021-02-23,https://www.clayton.com/
476,EB655FE78eBfAae,Mike,Pierce,Dudley-Randolph,Mosleyfort,Belarus,5653694391,4850578749,yvalentine@reed-hoover.net,2021-03-22,http://www.cochran-williamson.org/
477,9fa6fbC01cdDa0e,Brianna,Brady,Keith-Blackburn,Timstad,Venezuela,078-644-5224,247.917.4771x56126,robyn50@miller-browning.org,2020-05-27,https://buck.com/
478,2a8FAcFC6f89A91,Stephanie,Carson,"Mcbride, Mendoza and Hardin",South Stacie,Thailand,+1-403-919-9499x885,(660)752-7751x8613,mcannon@reed.com,2021-02-19,http://www.nash-madden.com/
479,1B3Ff02c9ccdb81,Arthur,Lewis,Boyle-Horton,Robintown,Burundi,206-474-4843x3592,(928)528-3287x2137,sheliaarcher@joseph.com,2021-10-11,http://mendoza.com/
480,3ac3c1AE48aFafB,Martha,Sweeney,"Pitts, Dean and Mann",North Mckenziechester,Benin,001-589-721-7295x8076,+1-913-713-7654x87531,bakercarol@walter.com,2021-05-12,http://www.robertson-guerrero.biz/
481,4be18fAff0b46AB,Kathryn,Christensen,"Elliott, Ewing and Weber",Sheliachester,Cambodia,(721)168-4741,521.290.9103,noah27@thompson-preston.com,2021-12-09,https://conner-banks.com/
482,c00641b3BFaC258,Joanna,Hubbard,Page LLC,New Clintonmouth,Yemen,7854601962,(424)141-4135x1127,mackenziebeard@benjamin-wagner.com,2021-10-03,http://www.burnett.biz/
483,DFa63d0a0AeD6e3,Leon,Andrade,Leonard PLC,Kerritown,Northern Mariana Islands,171.511.7743x6059,+1-255-303-6014,ywalls@osborn.com,2021-02-02,http://www.oconnor.com/
484,7D0AE1eF7f8217b,Cheryl,Shaffer,"Raymond, Hart and Santos",West Daniel,Tajikistan,723.046.0617x308,8715489303,kellytammy@mccarthy.org,2022-05-01,https://oconnell.com/
485,B16EAbFc32F7c9c,Kenneth,Wilkerson,Villarreal-Acevedo,Terranceside,Zambia,865-621-0784,446.109.3938,xarcher@hodge.biz,2020-02-27,https://jones.com/
486,1CBa3F1ECC2125A,Katherine,Burnett,Blevins-Bernard,Lake Bailey,Kuwait,4612049097,102-573-9150,kboyd@chung.com,2021-07-17,https://dean.com/
487,0A504bB2FE8dFbD,Mckenzie,Barry,Snow-Evans,Brandichester,Lebanon,001-373-451-1503,247.303.5810,mcdowellkristen@marquez-saunders.net,2021-11-11,http://bradley.com/
488,C946862b5CaEAB8,Antonio,Ramos,"Schultz, Hayden and Campos",Brycestad,Palau,7721054078,881-949-3659x998,mercadokathy@conrad-stark.com,2022-05-25,http://avila-pitts.com/
489,FE59BecCBaB7E66,Jeanette,Charles,Mckee Group,Alvaradoton,Puerto Rico,(542)713-0207x203,(556)537-4205x1399,watkinsgreg@ramos.biz,2022-01-12,https://roberts-gentry.biz/
490,16fBBDE8C030d5d,Sheryl,Lawrence,"Herring, Rojas and Ho",North Susan,Somalia,699-103-4230x9119,(789)147-3350,hsharp@delgado.net,2020-12-30,http://www.vincent-wagner.com/
491,4360807c20C4eE8,Latasha,Hull,Salazar-Cole,North Marilyn,Morocco,247-012-1960,1650726660,cody92@woods-frank.net,2021-07-02,http://wilcox-schmitt.com/
492,AE5e77EFfB7B15F,Wesley,Daugherty,"Mccullough, Boyle and Warren",South Angel,Botswana,001-616-707-2040x27005,570-758-6203x92980,usellers@lin-levy.com,2020-10-22,http://green.com/
493,AF3eAF0b6769b52,Darius,Hurst,"Herring, Armstrong and Monroe",Glennview,Tanzania,8450311923,(436)013-7556x4056,gwendolyn29@montgomery-alvarez.com,2021-05-14,http://reid.com/
494,AE1b9FedD15d49F,Sally,Castillo,Maxwell-Mckay,Lake Rileyfort,Mayotte,(895)211-5084x516,+1-417-326-7131x6060,peter09@stout.com,2022-03-14,http://clarke.com/
495,1d8719B67F779eD,Kristopher,Whitaker,Rollins LLC,West Renee,Andorra,001-429-619-2091x98692,470.129.1446,dickersonduane@bradford-dean.info,2021-07-10,https://english.biz/
496,b707FADeDb7bCc0,Shari,Grant,"Stone, Faulkner and Owens",North Moniquestad,Monaco,(007)198-1515x790,630.353.8238x635,gdaniels@moody.com,2020-08-21,http://www.huffman.com/
497,cf49dE96fAdECdD,Mathew,Horn,Wilkins PLC,East Gwendolyn,United States Virgin Islands,001-415-714-8061x63585,0103669815,dave37@zhang.com,2022-01-11,https://wilson-lee.biz/
498,D0e908574E4e7Ae,Connie,Boyer,"Bradley, Norman and Whitney",Port Meghanland,Ghana,(005)494-3687x05303,(456)498-5085,marcia76@petty.com,2020-03-07,http://mcgee-wilkinson.org/
499,e5661eCA01DeBFb,Kelly,Fitzgerald,Martinez LLC,West Judy,Georgia,1891722253,297.724.7957,debra25@good.com,2021-11-15,http://vang-ochoa.com/
500,5acB6BbC70cBFe0,Brendan,Schmidt,Gould LLC,Proctorbury,Saint Barthelemy,+1-938-999-4696x192,(357)206-6385x474,mware@ferguson.net,2021-12-22,https://chaney-johns.org/
